experiment,n_geometries,n_runs,target,overall_mse,overall_r2,overall_mape,setA_mse,setA_r2,setA_mape,setB_mse,setB_r2,setB_mape,setA_4G_r2,setA_4G_mse,setA_4G_mape,setA_3G1P_r2,setA_3G1P_mse,setA_3G1P_mape,setA_3G1B_r2,setA_3G1B_mse,setA_3G1B_mape,setA_2G2P_r2,setA_2G2P_mse,setA_2G2P_mape,setA_2G2B_r2,setA_2G2B_mse,setA_2G2B_mape,setA_2G1P1B_r2,setA_2G1P1B_mse,setA_2G1P1B_mape,setB_4G_r2,setB_4G_mse,setB_4G_mape,setB_3G1P_r2,setB_3G1P_mse,setB_3G1P_mape,setB_3G1B_r2,setB_3G1B_mse,setB_3G1B_mape,setB_2G2P_r2,setB_2G2P_mse,setB_2G2P_mape,setB_2G2B_r2,setB_2G2B_mse,setB_2G2B_mape,setB_2G1P1B_r2,setB_2G1P1B_mse,setB_2G1P1B_mape,setC_mse,setC_r2,setC_mape,setC_4G_r2,setC_4G_mse,setC_4G_mape,setC_3G1P_r2,setC_3G1P_mse,setC_3G1P_mape,setC_3G1B_r2,setC_3G1B_mse,setC_3G1B_mape,setC_2G2P_r2,setC_2G2P_mse,setC_2G2P_mape,setC_2G2B_r2,setC_2G2B_mse,setC_2G2B_mape,setC_2G1P1B_r2,setC_2G1P1B_mse,setC_2G1P1B_mape,status
selected,13,429,epithermal_only,0.0008185617,0.918401,4.88326826%,0.0008663041,0.914477,5.07280555,0.0004277157,0.899756,3.37677967,0.917402,0.0007076013,4.55813043,0.916884,0.0007908674,4.80937759,0.917034,0.0007875532,4.80047274,0.914050,0.0008988019,5.18055130,0.912906,0.0009010517,5.21272700,0.913727,0.0008973025,5.17044846,0.886138,0.0004378874,3.49691767,0.896175,0.0004277025,3.37158094,0.898813,0.0004216459,3.37224608,0.900822,0.0004248394,3.35425691,0.901193,0.0004266259,3.41947362,0.900690,0.0004308787,3.35992668,0.0007989317,0.921730,4.93353549,0.914265,0.0007652172,4.83479678,0.924915,0.0007336359,4.65562186,0.921971,0.0007429115,4.69668136,0.921837,0.0008221407,4.99374272,0.920875,0.0008316423,5.04019782,0.921401,0.0008142295,5.02994535,done
selected,13,429,fast_only,0.0009948957,0.927754,4.58744895%,0.0010714969,0.924578,4.81262970,0.0002197199,0.950275,2.14392895,0.962675,0.0004253407,3.36623683,0.941344,0.0007773390,4.15093103,0.940291,0.0007822062,4.16418055,0.920158,0.0011740156,5.07635913,0.916974,0.0011992389,5.10579411,0.917320,0.0012046959,5.09143146,0.953571,0.0001792419,1.93571006,0.953254,0.0002020173,2.09650697,0.953171,0.0001978193,2.07285781,0.949558,0.0002271751,2.14185575,0.950245,0.0002166985,2.11046166,0.946903,0.0002340772,2.21854848,0.0012958707,0.906527,5.17297240,0.968526,0.0003870631,3.38815163,0.928297,0.0009621353,4.45120884,0.931252,0.0008791230,4.38709515,0.898081,0.0014571327,5.48950617,0.901252,0.0014031236,5.39210184,0.893583,0.0014877583,5.55691367,done
selected,13,429,keff,0.0000030333,0.233482,0.12518548%,0.0000030367,0.205774,0.12603118,0.0000034507,0.388551,0.13001102,0.285679,0.0000018572,0.09980546,0.183094,0.0000025773,0.11375315,0.161271,0.0000027090,0.11756141,0.148375,0.0000030597,0.12576240,0.044268,0.0000035681,0.13972476,0.150299,0.0000031203,0.12842019,0.398361,0.0000026635,0.13533112,0.505898,0.0000023410,0.11175643,0.462588,0.0000024229,0.11232495,0.381071,0.0000033996,0.12468077,-0.020893,0.0000047521,0.15841358,0.286786,0.0000036037,0.13001176,0.0000030559,0.207881,0.12649177,0.296757,0.0000017853,0.09750810,0.216890,0.0000023155,0.10843347,0.170352,0.0000025763,0.11337042,0.167938,0.0000030358,0.12762364,0.053292,0.0000036992,0.14330720,0.142597,0.0000032571,0.13033462,done
selected,13,429,thermal_only,0.0046248802,0.946070,10.70477183%,0.0048557767,0.944323,11.03286205,0.0022684868,0.960178,6.63235280,0.953872,0.0047791078,11.17295664,0.949136,0.0047600458,10.97391185,0.953312,0.0046498648,10.91208252,0.936366,0.0049435675,10.98184116,0.941203,0.0050163983,11.30387781,0.940884,0.0048385071,10.97109999,0.912543,0.0028873295,7.15397835,0.950421,0.0025361760,6.79594404,0.959729,0.0024101508,6.73628291,0.956230,0.0021706629,6.31320068,0.959402,0.0024235848,7.36436461,0.962904,0.0020518283,6.29328036,0.0052659445,0.937029,12.25622654,0.953335,0.0050212012,11.81613701,0.943776,0.0051911990,12.01411677,0.945692,0.0051960167,12.20884788,0.928796,0.0053531786,12.20501083,0.936119,0.0052407918,12.30131664,0.931138,0.0053035909,12.39258064,done
selected,13,429,total,0.0001665689,0.969715,2.25340148%,0.0001785452,0.967841,2.34673460,0.0000486456,0.980997,1.30926261,0.981635,0.0000845168,1.69935870,0.972274,0.0001465900,2.10609610,0.973117,0.0001354338,2.06519520,0.966402,0.0002001950,2.48757508,0.965897,0.0001862273,2.41467958,0.965609,0.0001967371,2.47034915,0.990108,0.0000230541,0.89747376,0.984024,0.0000395839,1.16365944,0.985257,0.0000361352,1.12999274,0.978193,0.0000573045,1.43354643,0.979035,0.0000536082,1.42604380,0.980371,0.0000511581,1.33133684,0.0001863474,0.967211,2.39701784,0.983015,0.0000819419,1.63369237,0.971677,0.0001547898,2.15144599,0.974281,0.0001315012,2.04874215,0.964467,0.0002163307,2.57886291,0.966103,0.0001918398,2.45883189,0.964522,0.0002061400,2.53695784,done
selected,26,858,epithermal_only,0.0001984777,0.980214,2.23524034%,0.0002146162,0.978846,2.34257758,0.0000487151,0.988276,1.20769167,0.990219,0.0000842649,1.52881688,0.983142,0.0001607821,1.98538353,0.983258,0.0001592902,2.00076571,0.976921,0.0002416627,2.51550863,0.977003,0.0002382471,2.53150801,0.977288,0.0002365267,2.46246219,0.994871,0.0000191675,0.82056021,0.990053,0.0000398808,1.08962247,0.990316,0.0000393065,1.05830918,0.988119,0.0000495320,1.23821188,0.986618,0.0000565291,1.30110603,0.987451,0.0000529429,1.26713589,0.0002588210,0.974674,2.53553022,0.990083,0.0000890864,1.61416089,0.979899,0.0001969111,2.17080677,0.981491,0.0001763297,2.13899659,0.971980,0.0002950957,2.70319683,0.974008,0.0002734885,2.65057929,0.971477,0.0002956750,2.72495892,done
selected,26,858,fast_only,0.0005726954,0.958356,3.36345838%,0.0006106328,0.956989,3.45671966,0.0001427606,0.965917,1.91472068,0.988858,0.0001268005,1.87311050,0.969648,0.0004021765,2.77685590,0.969081,0.0004049644,2.77143205,0.952549,0.0006972488,3.77391347,0.951841,0.0006951428,3.74821382,0.951678,0.0007034308,3.73939356,0.972417,0.0000875322,1.56988501,0.969258,0.0001184204,1.76958728,0.968636,0.0001198707,1.74877696,0.963647,0.0001555163,1.98540982,0.966387,0.0001434636,1.89772129,0.963235,0.0001563771,2.02030448,0.0007607888,0.945016,3.84059637,0.990192,0.0001209766,1.90147384,0.959836,0.0005385687,3.16685341,0.964024,0.0004585886,2.97391727,0.939953,0.0008570226,4.15017776,0.941343,0.0008319045,4.07848638,0.935066,0.0009054144,4.24246153,done
selected,26,858,keff,0.0000021290,0.462010,0.10402727%,0.0000022116,0.421569,0.10673803,0.0000014497,0.743116,0.07920206,0.520499,0.0000012467,0.08053188,0.409826,0.0000018620,0.09507356,0.407793,0.0000019127,0.09718251,0.358573,0.0000023045,0.10965759,0.302350,0.0000026046,0.11836957,0.383109,0.0000022654,0.10871966,0.554075,0.0000019741,0.10948048,0.746213,0.0000012024,0.07398031,0.699914,0.0000013529,0.08131693,0.744842,0.0000014015,0.07576165,0.635806,0.0000016953,0.08702298,0.718554,0.0000014221,0.07552422,0.0000023167,0.399476,0.11012315,0.481431,0.0000013164,0.08368241,0.413730,0.0000017335,0.09445642,0.385003,0.0000019098,0.09827994,0.346608,0.0000023839,0.11437400,0.285651,0.0000027913,0.12329680,0.352544,0.0000024596,0.11279154,done
selected,26,858,thermal_only,0.0021589097,0.974654,7.02813332%,0.0022583535,0.973972,7.20083778,0.0006915342,0.987414,3.95775132,0.988972,0.0010918374,5.02406387,0.980990,0.0017546528,6.24110526,0.981810,0.0017929844,6.31238812,0.968168,0.0024596100,7.63492726,0.969789,0.0025706519,7.84953868,0.970308,0.0024218091,7.45690115,0.984722,0.0004010183,3.43132786,0.986179,0.0006377661,4.07359315,0.989418,0.0005979696,3.86166158,0.983363,0.0007806838,4.17347428,0.985950,0.0008212712,4.36601217,0.987983,0.0006554115,3.68304401,0.0031100715,0.962588,8.78370734,0.983025,0.0017651629,5.97753497,0.972692,0.0024891267,7.68585618,0.972569,0.0025887676,7.82056434,0.958257,0.0031142257,8.82797614,0.957683,0.0034593515,9.44802876,0.955365,0.0034265495,9.35102976,done
selected,26,858,total,0.0001203223,0.978128,1.83800941%,0.0001260544,0.977291,1.88352791,0.0000536806,0.978938,1.21361904,0.985613,0.0000665813,1.39400025,0.980087,0.0001053628,1.69229370,0.981664,0.0000924196,1.61597070,0.974435,0.0001522416,2.08487100,0.976735,0.0001269782,1.93747688,0.976295,0.0001355638,1.94960632,0.991529,0.0000196753,0.66597343,0.982294,0.0000436037,1.02366426,0.981121,0.0000460803,1.06641913,0.978866,0.0000553362,1.27535567,0.976256,0.0000605587,1.34831951,0.977599,0.0000581400,1.27342253,0.0001417420,0.975022,1.99138552,0.985867,0.0000685469,1.45552180,0.977120,0.0001250224,1.83012230,0.981207,0.0000957962,1.70014911,0.970433,0.0001797202,2.23424015,0.976338,0.0001334186,1.97851656,0.973497,0.0001539228,2.07202858,done
selected,39,1287,epithermal_only,0.0001985643,0.980206,2.31226251%,0.0002111395,0.979194,2.39232989,0.0000713473,0.982988,1.45863325,0.991303,0.0000748493,1.57476928,0.983672,0.0001557575,2.06518574,0.983633,0.0001557553,2.06950920,0.977379,0.0002369363,2.55758332,0.977502,0.0002331201,2.53919356,0.977390,0.0002355304,2.52105635,0.986240,0.0000525728,1.33273264,0.984104,0.0000644640,1.40337529,0.984302,0.0000643963,1.40268025,0.983110,0.0000710363,1.46513390,0.982723,0.0000734235,1.46793132,0.982003,0.0000766407,1.49829593,0.0002551652,0.975039,2.59601933,0.990898,0.0000820287,1.65093972,0.980212,0.0001937876,2.23764527,0.981386,0.0001773741,2.21670280,0.972683,0.0002878564,2.75289554,0.974173,0.0002717821,2.70910834,0.971897,0.0002913765,2.78595015,done
selected,39,1287,fast_only,0.0004982823,0.963870,3.01457633%,0.0005369848,0.962241,3.12836484,0.0001171087,0.974250,1.69864412,0.990877,0.0001040486,1.66673975,0.973591,0.0003505640,2.49841494,0.972985,0.0003544747,2.51238801,0.958572,0.0006096218,3.40631783,0.957029,0.0006212095,3.43466294,0.957655,0.0006176088,3.37335030,0.981062,0.0000723880,1.44380791,0.977358,0.0000980416,1.58118879,0.977027,0.0000981083,1.57903742,0.972684,0.0001260199,1.76545484,0.973788,0.0001193758,1.69911086,0.972096,0.0001279354,1.76526241,0.0006577851,0.952499,3.43128660,0.990837,0.0001126916,1.76262395,0.966181,0.0004537525,2.79360846,0.970539,0.0003761972,2.64404201,0.947402,0.0007511321,3.72791645,0.948132,0.0007362595,3.70075041,0.944161,0.0007793222,3.76272817,done
selected,39,1287,keff,0.0000017397,0.560390,0.09486464%,0.0000018028,0.528491,0.09704217,0.0000010494,0.814052,0.06785239,0.629827,0.0000009625,0.07044239,0.512457,0.0000015382,0.08813815,0.532756,0.0000015091,0.08745926,0.460410,0.0000019386,0.10116424,0.432345,0.0000021193,0.10726599,0.500883,0.0000018329,0.09824817,0.768458,0.0000010250,0.07503291,0.854303,0.0000006903,0.05493175,0.850359,0.0000006746,0.05581364,0.817271,0.0000010037,0.06340089,0.674435,0.0000015155,0.08659903,0.785090,0.0000010859,0.06842625,0.0000018882,0.510569,0.09888300,0.580977,0.0000010637,0.07372254,0.503981,0.0000014666,0.08625533,0.507342,0.0000015299,0.08846262,0.457873,0.0000019780,0.10321075,0.417641,0.0000022755,0.11088512,0.479202,0.0000019784,0.10050437,done
selected,39,1287,thermal_only,0.0022118483,0.974113,6.63469145%,0.0022756288,0.973850,6.72590107,0.0004575223,0.991965,3.03695385,0.988607,0.0011268644,4.63560375,0.981746,0.0016921330,5.69937952,0.981918,0.0017885085,5.85689429,0.968756,0.0024229723,7.03304126,0.969863,0.0025715940,7.27076019,0.969341,0.0025065768,7.10593562,0.989654,0.0002576820,2.64214253,0.992631,0.0003560092,2.87144965,0.993741,0.0003655154,2.88400725,0.989829,0.0004983302,3.13202576,0.991256,0.0005301545,3.30752370,0.991417,0.0004819624,2.99318418,0.0029502805,0.964555,8.05041845,0.982405,0.0018224963,5.49437656,0.975066,0.0022723735,6.85796926,0.974688,0.0023857238,7.08790056,0.960637,0.0029464429,8.08039106,0.959498,0.0033174377,8.64402049,0.957354,0.0032770675,8.67065996,done
selected,39,1287,total,0.0000934237,0.983092,1.63895674%,0.0000964783,0.982729,1.67909702,0.0000371099,0.985491,1.06007427,0.988503,0.0000536665,1.32023480,0.984806,0.0000809009,1.51495535,0.985775,0.0000723256,1.47286051,0.980748,0.0001152470,1.83628495,0.981974,0.0000991386,1.74148321,0.982164,0.0001025749,1.72267456,0.989663,0.0000240642,0.92026151,0.987833,0.0000300955,0.93965072,0.987179,0.0000314333,0.94764017,0.984723,0.0000400728,1.11596834,0.983673,0.0000417749,1.14742626,0.985169,0.0000386133,1.07772152,0.0001142710,0.979988,1.79418823,0.989400,0.0000521070,1.31118903,0.982800,0.0000947410,1.62378586,0.984943,0.0000773724,1.52446498,0.975997,0.0001467182,2.01097110,0.980908,0.0001085361,1.80480382,0.978588,0.0001249219,1.86758031,done
selected,52,1716,epithermal_only,0.0001748111,0.982571,2.06652901%,0.0001850397,0.981748,2.13869140,0.0000523394,0.987521,1.15778639,0.993123,0.0000592553,1.32259540,0.985675,0.0001364788,1.80964899,0.985962,0.0001334424,1.80155909,0.979787,0.0002114963,2.32943480,0.979983,0.0002072340,2.29360636,0.980344,0.0002045825,2.25592847,0.994550,0.0000205882,0.79427658,0.989946,0.0000406029,1.00914526,0.989982,0.0000410410,1.02022954,0.986760,0.0000558456,1.22078048,0.985914,0.0000599617,1.23798212,0.986598,0.0000570994,1.21188330,0.0002296358,0.977531,2.32371781,0.992802,0.0000647742,1.42040677,0.982752,0.0001689053,1.95000748,0.983781,0.0001545693,1.92502269,0.974719,0.0002663246,2.52885711,0.976804,0.0002440548,2.45801041,0.974617,0.0002631314,2.48699469,done
selected,52,1716,fast_only,0.0005106578,0.962926,3.03957803%,0.0005521969,0.961136,3.16445206,0.0001311207,0.971087,1.82756249,0.990874,0.0001040379,1.64668438,0.972985,0.0003583327,2.51250916,0.972214,0.0003643140,2.52387623,0.957001,0.0006321472,3.48195735,0.955530,0.0006422404,3.48301412,0.956640,0.0006317957,3.40373861,0.981057,0.0000703338,1.36037873,0.977218,0.0000977886,1.60526590,0.976222,0.0001001027,1.60512673,0.969382,0.0001417085,1.91198694,0.968158,0.0001439274,1.93488618,0.968182,0.0001459391,1.91886452,0.0006925260,0.949981,3.49395922,0.991424,0.0001057192,1.75607778,0.965865,0.0004578121,2.79227810,0.967843,0.0004100612,2.67983722,0.943653,0.0008046286,3.81920786,0.945670,0.0007711596,3.77090855,0.941343,0.0008186128,3.84342938,done
selected,52,1716,keff,0.0000013390,0.661632,0.08244291%,0.0000013829,0.638315,0.08424834,0.0000009335,0.834595,0.06330592,0.694578,0.0000007941,0.06450501,0.623499,0.0000011878,0.07646068,0.648076,0.0000011367,0.07544684,0.588539,0.0000014783,0.08736441,0.537175,0.0000017279,0.09653806,0.629950,0.0000013589,0.08372043,0.738844,0.0000011561,0.08321080,0.846005,0.0000007296,0.05650131,0.854517,0.0000006559,0.05723754,0.809232,0.0000010478,0.06387902,0.737705,0.0000012209,0.07648755,0.826933,0.0000008745,0.05906080,0.0000014347,0.628096,0.08602753,0.644873,0.0000009015,0.06922293,0.622005,0.0000011177,0.07557000,0.625874,0.0000011618,0.07670646,0.580246,0.0000015315,0.09040263,0.533359,0.0000018234,0.09888027,0.622689,0.0000014333,0.08541147,done
selected,52,1716,thermal_only,0.0019629492,0.977041,6.33904150%,0.0020252041,0.976741,6.42554768,0.0005539927,0.990014,3.42303322,0.990228,0.0009631498,4.39116523,0.984204,0.0014645722,5.36546262,0.984108,0.0015728910,5.54284966,0.971713,0.0021933424,6.80053907,0.972258,0.0023670578,7.16217502,0.973167,0.0021963609,6.68686455,0.984531,0.0003705135,3.04283723,0.991706,0.0003991069,2.97573246,0.992675,0.0004231200,3.01446089,0.986317,0.0006442688,3.73499447,0.987337,0.0007427753,4.11559765,0.990498,0.0005250060,3.23774441,0.0027239471,0.967267,7.73053864,0.985264,0.0015215325,5.32226024,0.976985,0.0020934451,6.55685806,0.976858,0.0021799255,6.69209652,0.962930,0.0027698825,7.86995155,0.962410,0.0030782552,8.42371511,0.960779,0.0030158652,8.25297040,done
selected,52,1716,total,0.0000786830,0.985702,1.48501979%,0.0000834321,0.984984,1.53671813,0.0000349766,0.986325,0.99153389,0.993861,0.0000284099,0.97934054,0.987964,0.0000636004,1.31193441,0.988910,0.0000559185,1.26302120,0.982850,0.0001022217,1.71585094,0.983882,0.0000882061,1.62438084,0.983926,0.0000920173,1.61592873,0.991201,0.0000204885,0.83949148,0.988914,0.0000274476,0.85713579,0.988581,0.0000279782,0.84823419,0.985490,0.0000380735,1.07146533,0.984485,0.0000396410,1.08076945,0.985742,0.0000371457,1.01218653,0.0000948379,0.983325,1.60628419,0.993948,0.0000292076,0.97578307,0.986788,0.0000721621,1.38371653,0.988597,0.0000583196,1.28798060,0.979570,0.0001245318,1.83952634,0.983620,0.0000927511,1.64541349,0.981728,0.0001062530,1.70310403,done
selected,65,2145,epithermal_only,0.0001594201,0.984107,1.95617132%,0.0001711413,0.983126,2.03745074,0.0000513959,0.987783,1.19106285,0.993907,0.0000524187,1.27425468,0.986966,0.0001242264,1.71251869,0.987067,0.0001229487,1.70997565,0.981271,0.0001960965,2.21613644,0.981516,0.0001914508,2.20424629,0.981741,0.0001901049,2.14577882,0.993302,0.0000258977,0.82224837,0.990104,0.0000403772,1.03233168,0.989968,0.0000414985,1.03765987,0.987197,0.0000539779,1.25240421,0.986015,0.0000596128,1.28766067,0.987087,0.0000550933,1.24687253,0.0002130571,0.979142,2.21167712,0.993630,0.0000571979,1.29399586,0.984211,0.0001544172,1.86549717,0.984748,0.0001452741,1.83164879,0.976557,0.0002468034,2.40336509,0.978356,0.0002276272,2.36726394,0.976448,0.0002440710,2.35683499,done
selected,65,2145,fast_only,0.0005039100,0.963458,2.88560751%,0.0005475885,0.961487,3.02902386,0.0001039211,0.977789,1.48940775,0.992479,0.0000856907,1.47740303,0.973073,0.0003573687,2.36352043,0.972316,0.0003631572,2.37616115,0.957550,0.0006245842,3.35052726,0.955892,0.0006374560,3.35965179,0.956966,0.0006275321,3.27171531,0.989706,0.0000409476,1.11332079,0.983309,0.0000750261,1.28434100,0.981735,0.0000797837,1.33692004,0.976211,0.0001132903,1.55855384,0.975443,0.0001139890,1.57389204,0.975215,0.0001171278,1.56311796,0.0006943717,0.949904,3.36390530,0.993361,0.0000816854,1.49502279,0.965440,0.0004639151,2.65962684,0.967744,0.0004121743,2.52105887,0.944033,0.0008000616,3.68946421,0.944911,0.0007827682,3.67287322,0.941359,0.0008194390,3.71860439,done
selected,65,2145,keff,0.0000010874,0.725210,0.07401491%,0.0000011024,0.711692,0.07489724,0.0000008641,0.846891,0.06081973,0.717447,0.0000007346,0.06047875,0.692455,0.0000009703,0.06898399,0.706604,0.0000009476,0.06852662,0.675524,0.0000011658,0.07731439,0.655832,0.0000012849,0.08288110,0.698926,0.0000011056,0.07499290,0.756261,0.0000010790,0.07787101,0.845620,0.0000007314,0.05176718,0.833905,0.0000007488,0.05268907,0.826822,0.0000009512,0.06249982,0.786707,0.0000009928,0.07020752,0.837550,0.0000008208,0.05959259,0.0000011194,0.709836,0.07553738,0.677889,0.0000008177,0.06476696,0.687362,0.0000009244,0.06859937,0.699560,0.0000009330,0.06880484,0.673893,0.0000011898,0.07819886,0.656870,0.0000013408,0.08432906,0.703618,0.0000011259,0.07526814,done
selected,65,2145,thermal_only,0.0018445933,0.978444,6.22164756%,0.0019716448,0.977358,6.46471768,0.0005650275,0.990073,3.46606422,0.991090,0.0008738685,4.43274744,0.984386,0.0014468306,5.51490478,0.984581,0.0015247299,5.63506397,0.972867,0.0021072097,6.74701769,0.973097,0.0022964002,7.10250378,0.973638,0.0021568757,6.76716100,0.984167,0.0004754065,3.15825698,0.989947,0.0004975199,3.32961760,0.991550,0.0005020610,3.34372594,0.988555,0.0005645359,3.43995944,0.989033,0.0006628225,3.86233124,0.989779,0.0005673355,3.39289535,0.0025959063,0.968926,7.67656908,0.988843,0.0011680978,5.06034959,0.977406,0.0020659653,6.69951896,0.978790,0.0020117529,6.61935301,0.964877,0.0026393183,7.73989883,0.964211,0.0029391718,8.31822854,0.962463,0.0028933090,8.22090103,done
selected,65,2145,total,0.0000714716,0.987030,1.42587852%,0.0000756665,0.986403,1.47416079,0.0000307021,0.987984,0.92450847,0.994903,0.0000235312,0.85900975,0.988876,0.0000587913,1.25157102,0.990175,0.0000495578,1.18647932,0.984088,0.0000950312,1.67313120,0.985637,0.0000787486,1.55851837,0.985505,0.0000831157,1.55384980,0.995096,0.0000114241,0.65929888,0.991058,0.0000221196,0.74492405,0.991188,0.0000215648,0.77135114,0.986238,0.0000360352,1.03981165,0.986146,0.0000353654,1.00970802,0.987239,0.0000332171,0.95727182,0.0000878400,0.984540,1.54280135,0.994310,0.0000276268,0.94598721,0.987107,0.0000702849,1.34638589,0.989307,0.0000546073,1.23983905,0.980963,0.0001159410,1.77212130,0.985309,0.0000831391,1.56673200,0.983114,0.0000981036,1.63253394,done
selected,78,2574,epithermal_only,0.0001539301,0.984655,1.92812868%,0.0001649332,0.983739,2.00201967,0.0000553823,0.986760,1.26213748,0.995159,0.0000416583,1.10459274,0.987837,0.0001159323,1.64986435,0.987912,0.0001149152,1.64486903,0.981855,0.0001899702,2.18931973,0.982050,0.0001859166,2.17646577,0.982213,0.0001852022,2.13236748,0.992720,0.0000272996,0.91968828,0.989048,0.0000442535,1.11290301,0.989230,0.0000441126,1.08235329,0.986397,0.0000571312,1.32249378,0.985652,0.0000609103,1.32258924,0.985509,0.0000615504,1.33994377,0.0002021899,0.980204,2.14417081,0.994970,0.0000452709,1.18665229,0.985432,0.0001424744,1.76013974,0.986352,0.0001300091,1.72739227,0.977188,0.0002401197,2.35973067,0.979422,0.0002163776,2.29222379,0.977494,0.0002332164,2.30935748,done
selected,78,2574,fast_only,0.0004847696,0.964860,2.84706231%,0.0005268729,0.962956,2.98789938,0.0000950136,0.979674,1.43567132,0.993416,0.0000750555,1.35371542,0.974929,0.0003327733,2.31712813,0.974303,0.0003371706,2.32981144,0.958579,0.0006096473,3.29819341,0.957537,0.0006139874,3.32504852,0.958349,0.0006075139,3.24331284,0.990579,0.0000351436,0.99689211,0.985038,0.0000672859,1.20623535,0.984124,0.0000701851,1.22749507,0.977130,0.0001081115,1.56171125,0.977868,0.0001033533,1.51181909,0.977331,0.0001068028,1.51701315,0.0006361840,0.954103,3.20945513,0.994209,0.0000714308,1.43969694,0.968898,0.0004173920,2.52643902,0.971196,0.0003677977,2.42212182,0.947795,0.0007464753,3.52707144,0.950015,0.0007103456,3.50889556,0.946076,0.0007535685,3.53900980,done
selected,78,2574,keff,0.0000009783,0.752782,0.06927210%,0.0000010059,0.736926,0.07095443,0.0000007229,0.871915,0.05092598,0.743250,0.0000006676,0.05850497,0.713723,0.0000009032,0.06555352,0.737383,0.0000008482,0.06462179,0.696721,0.0000010896,0.07416516,0.678103,0.0000012018,0.07931903,0.732852,0.0000009810,0.07011539,0.784423,0.0000009544,0.07327612,0.875161,0.0000005915,0.04541101,0.876017,0.0000005590,0.04520278,0.843112,0.0000008617,0.05323048,0.818518,0.0000008448,0.06036024,0.867087,0.0000006716,0.04694014,0.0000010288,0.733328,0.07214783,0.725871,0.0000006959,0.06100741,0.722506,0.0000008205,0.06459537,0.730987,0.0000008354,0.06457798,0.695131,0.0000011123,0.07560025,0.675303,0.0000012687,0.08158508,0.729189,0.0000010288,0.07167521,done
selected,78,2574,thermal_only,0.0018264427,0.978682,5.91731908%,0.0019593459,0.977524,6.17026903,0.0005610789,0.990115,3.22588629,0.992395,0.0007477239,4.04615344,0.985299,0.0013651982,5.08737214,0.985211,0.0014650369,5.21043061,0.972641,0.0021265352,6.55059604,0.973276,0.0022831404,6.80359731,0.973404,0.0021776414,6.52136277,0.986485,0.0003359643,3.14092226,0.991549,0.0004140517,2.93178793,0.992584,0.0004384671,2.96748733,0.987852,0.0005953390,3.36877314,0.988715,0.0006816353,3.53124492,0.989352,0.0005923100,3.19300966,0.0024945622,0.970156,7.22525370,0.990312,0.0010052806,4.46332376,0.979183,0.0019074244,6.10780704,0.980513,0.0018481485,5.99983139,0.965910,0.0025610418,7.40567018,0.965821,0.0028099694,7.84222695,0.963175,0.0028393191,7.83843560,done
selected,78,2574,total,0.0000713816,0.987054,1.40685684%,0.0000759357,0.986369,1.45985034,0.0000292668,0.988568,0.89640273,0.994702,0.0000244488,0.86205237,0.989244,0.0000569330,1.21876286,0.990455,0.0000482227,1.15623463,0.983733,0.0000971943,1.67822343,0.985587,0.0000791087,1.54216673,0.985441,0.0000835823,1.54088983,0.994943,0.0000117453,0.63000034,0.991319,0.0000214975,0.71878839,0.991454,0.0000209358,0.72316187,0.987206,0.0000336372,0.99721520,0.987085,0.0000330354,0.99278419,0.987722,0.0000320241,0.93695770,0.0000861471,0.984839,1.51240569,0.994655,0.0000258413,0.87273399,0.988045,0.0000652495,1.26227557,0.990100,0.0000506912,1.18163951,0.980617,0.0001180189,1.77750549,0.985361,0.0000828365,1.54483447,0.983525,0.0000956931,1.61075540,done
selected,91,3003,epithermal_only,0.0001448375,0.985560,1.82328618%,0.0001551744,0.984696,1.89469940,0.0000467238,0.988928,1.11138803,0.995776,0.0000363407,1.03779223,0.988617,0.0001084575,1.54079726,0.988695,0.0001074415,1.53919736,0.982855,0.0001794381,2.09125076,0.982976,0.0001762811,2.08101317,0.983297,0.0001738752,2.01114382,0.996026,0.0000151829,0.73267242,0.990772,0.0000375639,0.99881583,0.990985,0.0000371762,0.97959332,0.988491,0.0000486252,1.15526744,0.987726,0.0000525264,1.18584002,0.987957,0.0000517362,1.16523761,0.0002029581,0.980126,2.08756802,0.995465,0.0000407699,1.11388283,0.984908,0.0001475804,1.71500109,0.986332,0.0001301579,1.65120428,0.977278,0.0002391609,2.30111929,0.979382,0.0002167761,2.24502930,0.977394,0.0002342339,2.25311354,done
selected,91,3003,fast_only,0.0004693248,0.965973,2.73467520%,0.0005090232,0.964203,2.86856054,0.0001124637,0.976432,1.49557482,0.993352,0.0000758497,1.31648614,0.975729,0.0003221385,2.19682333,0.975117,0.0003264813,2.22632284,0.959948,0.0005893709,3.18910144,0.958818,0.0005952900,3.20699104,0.959885,0.0005849560,3.10640601,0.990655,0.0000379187,0.97372358,0.982357,0.0000821661,1.22703996,0.981108,0.0000858900,1.26103584,0.973547,0.0001272318,1.67093992,0.973411,0.0001253390,1.62693850,0.974298,0.0001238111,1.55338931,0.0006538873,0.952831,3.16821490,0.994055,0.0000732377,1.44666693,0.968070,0.0004286750,2.45149608,0.970117,0.0003819197,2.35555130,0.946837,0.0007601545,3.49511873,0.948197,0.0007361725,3.48501335,0.944624,0.0007738848,3.50009371,done
selected,91,3003,keff,0.0000009449,0.761228,0.06848247%,0.0000009833,0.742837,0.07043555,0.0000006001,0.893670,0.04878684,0.803742,0.0000005103,0.05265958,0.712549,0.0000009069,0.06562357,0.750035,0.0000008074,0.06196162,0.698388,0.0000010836,0.07493570,0.686270,0.0000011713,0.07837188,0.737867,0.0000009626,0.07012727,0.826332,0.0000007688,0.06896523,0.890644,0.0000005181,0.04373687,0.902833,0.0000004381,0.04291291,0.868785,0.0000007207,0.05219343,0.846576,0.0000007142,0.05843568,0.891155,0.0000005500,0.04421890,0.0000010030,0.740010,0.07164814,0.776388,0.0000005677,0.05494662,0.722003,0.0000008220,0.06539630,0.763326,0.0000007350,0.06073523,0.688372,0.0000011370,0.07744079,0.685444,0.0000012291,0.07991672,0.734379,0.0000010090,0.07173549,done
selected,91,3003,thermal_only,0.0018702011,0.978139,5.67535950%,0.0020112487,0.976898,5.93998961,0.0005859325,0.989619,3.04943984,0.992954,0.0006922259,3.59893497,0.984940,0.0013968153,4.82739377,0.984962,0.0014875900,4.97129154,0.971824,0.0021870325,6.31636660,0.972612,0.0023372728,6.56771883,0.972486,0.0022496275,6.32678904,0.987570,0.0002974473,2.64714800,0.990955,0.0004337896,2.81300447,0.992530,0.0004360501,2.76339752,0.986927,0.0006361866,3.20625503,0.988960,0.0006693910,3.21642503,0.988333,0.0006437916,3.09522321,0.0025782889,0.969184,7.10566585,0.991640,0.0008704255,4.03934223,0.979057,0.0019228527,5.90805109,0.980367,0.0018678396,5.86279985,0.964627,0.0026584298,7.29842017,0.964176,0.0029462558,7.75334663,0.961735,0.0029523219,7.75531217,done
selected,91,3003,total,0.0000682853,0.987632,1.36087290%,0.0000727430,0.986965,1.41551637,0.0000276900,0.989179,0.83921970,0.995555,0.0000205885,0.80512196,0.989817,0.0000539940,1.16774593,0.990885,0.0000461354,1.11527708,0.984601,0.0000921578,1.61775420,0.986018,0.0000768780,1.50939960,0.986014,0.0000804332,1.50099195,0.997240,0.0000064177,0.47609740,0.991854,0.0000201686,0.69040753,0.992410,0.0000185850,0.64943769,0.987737,0.0000321930,0.95223366,0.987775,0.0000312382,0.92985906,0.988121,0.0000309792,0.88051795,0.0000830109,0.985386,1.46859379,0.995229,0.0000229276,0.83869733,0.988367,0.0000634736,1.23612355,0.990509,0.0000484938,1.12996440,0.981694,0.0001114749,1.70200385,0.985801,0.0000803806,1.52204508,0.983958,0.0000931356,1.56819427,done
selected,104,3432,epithermal_only,0.0001371642,0.986324,1.78765453%,0.0001470764,0.985497,1.86146022,0.0000422756,0.989964,1.05545376,0.995769,0.0000364646,1.06081693,0.989229,0.0001026716,1.50573252,0.989358,0.0001011947,1.51395987,0.983685,0.0001707702,2.05616007,0.983832,0.0001674277,2.04398178,0.984211,0.0001643671,1.97397914,0.997370,0.0000097524,0.60266978,0.992307,0.0000310839,0.89715046,0.992321,0.0000314357,0.89263210,0.989083,0.0000462303,1.13073077,0.988390,0.0000497862,1.14849731,0.989124,0.0000465970,1.11606714,0.0001954718,0.980862,2.06413865,0.995260,0.0000427047,1.14930932,0.985409,0.0001427569,1.69914969,0.986994,0.0001238864,1.63483581,0.977956,0.0002320385,2.28197781,0.979977,0.0002105623,2.23494438,0.978397,0.0002238493,2.21106753,done
selected,104,3432,fast_only,0.0004237172,0.969293,2.63301211%,0.0004600850,0.967655,2.76746112,0.0000968249,0.979051,1.41834150,0.995144,0.0000553374,1.24265449,0.978258,0.0002885686,2.11030216,0.977978,0.0002889406,2.11344874,0.963796,0.0005329742,3.10403171,0.962519,0.0005420395,3.12263929,0.963625,0.0005306123,2.98571106,0.992275,0.0000263211,0.89826642,0.985394,0.0000639634,1.16757374,0.984188,0.0000681559,1.17499515,0.976550,0.0001102998,1.54588086,0.975661,0.0001120603,1.55646343,0.976750,0.0001088551,1.49355514,0.0006063340,0.956273,3.06341974,0.995332,0.0000575040,1.29005109,0.970555,0.0003953582,2.33333222,0.972795,0.0003475444,2.25158353,0.951110,0.0006991845,3.39721943,0.952289,0.0006782164,3.40079919,0.948046,0.0007264428,3.39007319,done
selected,104,3432,keff,0.0000007387,0.813331,0.06054435%,0.0000007527,0.803138,0.06169454,0.0000005327,0.905603,0.04400092,0.805659,0.0000005053,0.05123562,0.788704,0.0000006666,0.05694701,0.803278,0.0000006354,0.05638760,0.765189,0.0000008436,0.06541788,0.758840,0.0000009003,0.06863852,0.803429,0.0000007218,0.06058396,0.797570,0.0000008962,0.07308226,0.911331,0.0000004201,0.04028042,0.904451,0.0000004308,0.04089972,0.881923,0.0000006486,0.04576318,0.870156,0.0000006044,0.05029741,0.904960,0.0000004802,0.03982199,0.0000007775,0.798456,0.06284726,0.784833,0.0000005462,0.05392551,0.792224,0.0000006144,0.05599036,0.798137,0.0000006269,0.05640116,0.762294,0.0000008673,0.06687069,0.752703,0.0000009663,0.07100458,0.799355,0.0000007622,0.06193716,done
selected,104,3432,thermal_only,0.0017510619,0.979563,5.31157670%,0.0018868529,0.978359,5.56020809,0.0005008978,0.991035,2.81233810,0.994472,0.0005420235,3.20219944,0.986468,0.0012581011,4.42945752,0.986351,0.0013529490,4.52829524,0.973436,0.0020644157,5.96965506,0.974138,0.0022095555,6.16099698,0.973905,0.0021363413,5.97247869,0.991670,0.0001859699,2.12471067,0.992930,0.0003357590,2.49894469,0.993857,0.0003532847,2.43732275,0.988484,0.0005539813,3.00544660,0.990250,0.0005861102,3.00117443,0.989710,0.0005622446,2.90813756,0.0024895763,0.970278,6.78371043,0.992676,0.0007640994,3.74685152,0.980478,0.0017954840,5.56549791,0.981360,0.0017744594,5.46908438,0.965908,0.0025646986,7.00942631,0.965144,0.0028695837,7.43889228,0.962763,0.0028760121,7.44144788,done
selected,104,3432,total,0.0000623818,0.988706,1.30133034%,0.0000663164,0.988124,1.35036741,0.0000275334,0.989241,0.84824190,0.995249,0.0000219721,0.83493061,0.990345,0.0000512248,1.14570389,0.991305,0.0000440512,1.09166002,0.985977,0.0000839488,1.53598791,0.987545,0.0000685317,1.41823604,0.987395,0.0000725401,1.42103288,0.996312,0.0000085513,0.50684858,0.991508,0.0000210345,0.71236900,0.991988,0.0000196263,0.69037068,0.987963,0.0000315991,0.94016508,0.988094,0.0000304363,0.90712577,0.988330,0.0000304329,0.89920253,0.0000793848,0.986040,1.44478296,0.995370,0.0000224537,0.84511654,0.988636,0.0000619735,1.23355056,0.990692,0.0000477075,1.12594754,0.982608,0.0001059729,1.68953772,0.986836,0.0000746085,1.46583292,0.984585,0.0000896016,1.53870699,done
selected,117,3861,epithermal_only,0.0001344250,0.986598,1.76611444%,0.0001435267,0.985849,1.82881294,0.0000503208,0.988016,1.17344306,0.996001,0.0000343840,1.02129937,0.989664,0.0000985533,1.47783509,0.989599,0.0000989031,1.49132930,0.984087,0.0001665723,2.03199511,0.984254,0.0001630678,1.99859243,0.984518,0.0001611942,1.93911206,0.995648,0.0000165327,0.67177113,0.990053,0.0000404587,1.03426970,0.990471,0.0000393942,1.00306904,0.986968,0.0000547800,1.25689780,0.986511,0.0000574464,1.26982510,0.987266,0.0000542735,1.22851314,0.0001977517,0.980644,2.09494872,0.995108,0.0000441718,1.14490125,0.985301,0.0001439494,1.72075050,0.986789,0.0001258620,1.63969941,0.977965,0.0002320296,2.32931604,0.980006,0.0002103084,2.24464783,0.977896,0.0002290723,2.25882991,done
selected,117,3861,fast_only,0.0004426541,0.967880,2.56605901%,0.0004817850,0.966102,2.69695516,0.0000850861,0.982099,1.28497126,0.995368,0.0000527794,1.16968434,0.977730,0.0002954204,2.03478286,0.976863,0.0003033463,2.05567294,0.962311,0.0005544090,3.00567686,0.960587,0.0005695113,3.04386866,0.961646,0.0005589613,2.93089496,0.993589,0.0000227576,0.81570774,0.986551,0.0000604068,1.12558636,0.985769,0.0000627947,1.10313083,0.980635,0.0000939769,1.34800978,0.979127,0.0000986707,1.42673050,0.980373,0.0000946993,1.33541946,0.0006264186,0.954825,3.03093017,0.995519,0.0000552293,1.27861180,0.969961,0.0004033620,2.32675816,0.972460,0.0003520451,2.18251579,0.949459,0.0007227415,3.34720660,0.950102,0.0007092922,3.36419762,0.946332,0.0007503867,3.37019550,done
selected,117,3861,keff,0.0000006542,0.834697,0.05667966%,0.0000006737,0.823802,0.05821428,0.0000004786,0.915188,0.04189383,0.830506,0.0000004407,0.04722657,0.815905,0.0000005808,0.05291859,0.822165,0.0000005744,0.05338071,0.792964,0.0000007438,0.06136394,0.779357,0.0000008238,0.06570031,0.823785,0.0000006471,0.05718850,0.769640,0.0000010198,0.07436705,0.896458,0.0000004906,0.04403009,0.910502,0.0000004035,0.04138173,0.892126,0.0000005925,0.04182065,0.904683,0.0000004437,0.04339720,0.917839,0.0000004151,0.03793125,0.0000007052,0.817210,0.05970616,0.806677,0.0000004908,0.05084027,0.813910,0.0000005502,0.05306318,0.810581,0.0000005882,0.05432879,0.790214,0.0000007654,0.06265659,0.773914,0.0000008834,0.06772286,0.817180,0.0000006945,0.05897064,done
selected,117,3861,thermal_only,0.0017994945,0.979001,5.30676855%,0.0019367862,0.977791,5.52115811,0.0004447504,0.992179,2.83343893,0.994844,0.0005099530,3.12456690,0.986175,0.0012877187,4.38317659,0.985964,0.0013929093,4.48456498,0.972893,0.0021068846,5.91796249,0.973202,0.0022891061,6.12872610,0.973222,0.0021921279,5.94354607,0.990874,0.0002117015,2.19597446,0.993510,0.0003147271,2.56002319,0.994469,0.0003227968,2.47996295,0.990344,0.0004761634,2.99840220,0.991581,0.0005140597,2.94954312,0.991033,0.0004978022,2.95499115,0.0024445083,0.970811,6.64937604,0.992854,0.0007448288,3.59252899,0.980824,0.0017625321,5.46278947,0.981869,0.0017264214,5.31897050,0.966591,0.0025118332,6.85675559,0.965424,0.0028472008,7.30974974,0.963502,0.0028182946,7.31007475,done
selected,117,3861,total,0.0000599550,0.989130,1.27868402%,0.0000632648,0.988648,1.31687986,0.0000287405,0.988775,0.89809736,0.996335,0.0000170023,0.73237147,0.991291,0.0000461275,1.07497470,0.992157,0.0000396283,1.03455729,0.986484,0.0000807993,1.50990503,0.987878,0.0000665480,1.40765013,0.987759,0.0000703025,1.39843375,0.996872,0.0000072870,0.50944174,0.991771,0.0000203885,0.73114225,0.991867,0.0000199336,0.74837537,0.987309,0.0000333283,1.01514461,0.986621,0.0000342160,1.02459784,0.988034,0.0000312162,0.91427051,0.0000770493,0.986459,1.41541411,0.995429,0.0000221073,0.82468893,0.988984,0.0000603084,1.19745650,0.991477,0.0000436655,1.07505790,0.982988,0.0001037043,1.65932457,0.987133,0.0000730310,1.45737010,0.985026,0.0000870329,1.50797506,done
selected,130,4290,epithermal_only,0.0001363192,0.986408,1.72059477%,0.0001464282,0.985562,1.78987885,0.0000445211,0.989458,1.09398948,0.996448,0.0000305656,0.97847954,0.989607,0.0000990863,1.43008772,0.989647,0.0000984536,1.44186874,0.983586,0.0001718059,1.99426704,0.983851,0.0001672373,1.98494858,0.984175,0.0001647622,1.89370025,0.996250,0.0000145912,0.65575946,0.991595,0.0000342992,0.97432013,0.991751,0.0000342322,0.95980804,0.988422,0.0000489343,1.17184655,0.988274,0.0000501950,1.17411079,0.988628,0.0000488087,1.13613638,0.0001951512,0.980889,2.03698926,0.995471,0.0000407284,1.11626167,0.986019,0.0001367120,1.64054829,0.987158,0.0001222850,1.59275304,0.978074,0.0002307803,2.25513673,0.979783,0.0002125788,2.22058470,0.978253,0.0002253024,2.19332405,done
selected,130,4290,fast_only,0.0004309228,0.968770,2.54610511%,0.0004686549,0.967052,2.67961542,0.0000925799,0.980332,1.34703946,0.995462,0.0000517058,1.20774437,0.978072,0.0002910569,2.03368105,0.977333,0.0002974099,2.05171461,0.963214,0.0005415748,2.98267391,0.962259,0.0005458011,3.00733823,0.962661,0.0005446488,2.91149243,0.993571,0.0000249974,0.82959413,0.985277,0.0000667519,1.16971336,0.984472,0.0000686862,1.16062782,0.978119,0.0001044101,1.44459244,0.978103,0.0001025043,1.42725951,0.978132,0.0001039084,1.42251929,0.0006218240,0.955170,3.01550840,0.995476,0.0000558657,1.24961403,0.970229,0.0003998565,2.30802858,0.971806,0.0003604112,2.21075275,0.949708,0.0007194718,3.33047692,0.951710,0.0006866571,3.31725751,0.946449,0.0007490291,3.35887162,done
selected,130,4290,keff,0.0000006652,0.831905,0.05702416%,0.0000006972,0.817663,0.05903344,0.0000003130,0.944540,0.03529642,0.822664,0.0000004611,0.04831688,0.802882,0.0000006219,0.05453522,0.821811,0.0000005755,0.05369383,0.781012,0.0000007868,0.06333444,0.777749,0.0000008298,0.06486989,0.817170,0.0000006714,0.05813704,0.854105,0.0000006459,0.06416696,0.949088,0.0000002412,0.03451497,0.948651,0.0000002315,0.03624308,0.928841,0.0000003909,0.03567792,0.930468,0.0000003237,0.03654769,0.942198,0.0000002921,0.03201910,0.0000006967,0.819414,0.05929239,0.802124,0.0000005023,0.05177043,0.811807,0.0000005565,0.05305982,0.817045,0.0000005681,0.05362007,0.788711,0.0000007709,0.06275011,0.782549,0.0000008497,0.06588319,0.818654,0.0000006889,0.05886532,done
selected,130,4290,thermal_only,0.0017856509,0.979186,5.31118705%,0.0019114424,0.978103,5.53231708,0.0005994936,0.989178,2.96076670,0.995154,0.0004778451,3.03686091,0.986420,0.0012656014,4.37635183,0.986217,0.0013687275,4.49206099,0.973235,0.0020820138,5.96045583,0.973717,0.0022476456,6.14473494,0.973473,0.0021737068,5.95206725,0.991431,0.0001938084,2.13093207,0.991605,0.0003941189,2.61378681,0.992331,0.0004343266,2.59000049,0.986524,0.0006450053,3.18215783,0.988143,0.0007077582,3.16122987,0.987440,0.0006799266,3.05824115,0.0024434719,0.970849,6.65307138,0.993693,0.0006553001,3.43684316,0.980777,0.0017682773,5.45655826,0.981770,0.0017383154,5.34806202,0.966338,0.0025357670,6.92890161,0.965507,0.0028404889,7.34025590,0.963661,0.0028084390,7.27430839,done
selected,130,4290,total,0.0000596792,0.989182,1.26253813%,0.0000632638,0.988652,1.30555977,0.0000290539,0.988655,0.89894971,0.996023,0.0000183081,0.77479577,0.991225,0.0000465171,1.07893868,0.992214,0.0000393703,1.02584361,0.986336,0.0000816863,1.50543725,0.987969,0.0000660763,1.39133373,0.987827,0.0000699393,1.37574346,0.996110,0.0000090600,0.56233320,0.991169,0.0000219013,0.76406008,0.991841,0.0000199887,0.74875478,0.987200,0.0000336297,0.99768814,0.987567,0.0000317861,0.95272555,0.987559,0.0000324720,0.94577215,0.0000768378,0.986483,1.42062813,0.995435,0.0000219188,0.82462435,0.988914,0.0000605471,1.21869026,0.991506,0.0000434795,1.07836619,0.983276,0.0001018758,1.65300714,0.987126,0.0000729796,1.46274994,0.984956,0.0000873894,1.51460857,done
selected,143,4719,epithermal_only,0.0001358070,0.986460,1.67870687%,0.0001458793,0.985618,1.74367949,0.0000442061,0.989525,1.09330446,0.996860,0.0000270570,0.92490460,0.989920,0.0000961084,1.37770125,0.989887,0.0000961909,1.40035904,0.983669,0.0001709391,1.94438989,0.983777,0.0001680191,1.93619280,0.984122,0.0001653344,1.85173177,0.996161,0.0000146889,0.70323247,0.991578,0.0000343677,0.96040379,0.991926,0.0000333782,0.95264605,0.988495,0.0000486299,1.16880219,0.988438,0.0000494036,1.16503362,0.988651,0.0000487440,1.14338336,0.0001936707,0.981036,1.99933021,0.996177,0.0000343549,1.02865123,0.986277,0.0001342461,1.59652516,0.987649,0.0001176248,1.53360715,0.978449,0.0002268681,2.21845155,0.979810,0.0002122896,2.17690839,0.978164,0.0002262395,2.17164671,done
selected,143,4719,fast_only,0.0004503412,0.967348,2.49799149%,0.0004905635,0.965502,2.63165135,0.0000873122,0.981188,1.29674162,0.995689,0.0000491223,1.13342479,0.976961,0.0003057874,1.97580988,0.976307,0.0003107827,2.00492198,0.961270,0.0005700128,2.94540000,0.960288,0.0005741214,2.95933301,0.961089,0.0005673657,2.86331203,0.994928,0.0000179681,0.72510207,0.987379,0.0000557498,1.08545302,0.986201,0.0000600798,1.09381032,0.978010,0.0001033374,1.44584136,0.978598,0.0000993308,1.37966302,0.978967,0.0000986674,1.36644097,0.0006566307,0.952651,3.02114114,0.995818,0.0000516515,1.21990484,0.968301,0.0004256776,2.28034065,0.971073,0.0003696977,2.18379720,0.946878,0.0007596602,3.35823305,0.948021,0.0007391042,3.34243843,0.943715,0.0007870891,3.36859310,done
selected,143,4719,keff,0.0000006521,0.835211,0.05667062%,0.0000006837,0.821187,0.05865593,0.0000003170,0.943833,0.03576933,0.825065,0.0000004548,0.04865246,0.808573,0.0000006039,0.05380976,0.823914,0.0000005687,0.05348990,0.785272,0.0000007715,0.06286229,0.777502,0.0000008307,0.06543898,0.822912,0.0000006503,0.05733224,0.845971,0.0000006819,0.06550603,0.944543,0.0000002628,0.03684276,0.942114,0.0000002610,0.03824157,0.931224,0.0000003778,0.03445914,0.926451,0.0000003424,0.03926879,0.944539,0.0000002802,0.03101476,0.0000006853,0.822374,0.05890145,0.811628,0.0000004782,0.05047478,0.819935,0.0000005324,0.05194742,0.818038,0.0000005651,0.05317027,0.792666,0.0000007565,0.06248987,0.781210,0.0000008549,0.06626737,0.822802,0.0000006731,0.05835721,done
selected,143,4719,thermal_only,0.0017737209,0.979328,5.15177957%,0.0019093601,0.978126,5.39531642,0.0005723728,0.989736,2.89068188,0.995335,0.0004606171,2.94361446,0.986584,0.0012515598,4.23350735,0.986383,0.0013538674,4.33933441,0.973199,0.0020848064,5.81021066,0.973571,0.0022595144,5.98981295,0.973491,0.0021717195,5.83419323,0.991566,0.0001878121,2.08280209,0.992149,0.0003704173,2.54082038,0.993219,0.0003876657,2.46457931,0.987074,0.0006231685,3.05510350,0.988713,0.0006766776,3.01795755,0.987973,0.0006557569,3.07081125,0.0024919379,0.970259,6.57148430,0.993542,0.0006696504,3.30501256,0.980800,0.0017658993,5.30780987,0.981665,0.0017485253,5.20425492,0.966034,0.0025570407,6.78947247,0.964535,0.0029204876,7.26275324,0.962617,0.0028872872,7.26692803,done
selected,143,4719,total,0.0000592819,0.989250,1.25853504%,0.0000632160,0.988655,1.30963820,0.0000255532,0.990013,0.82587862,0.995932,0.0000189349,0.78375454,0.990984,0.0000478063,1.09332014,0.991989,0.0000405433,1.05146046,0.986379,0.0000813814,1.51032820,0.987980,0.0000659496,1.38995761,0.987955,0.0000691506,1.37112240,0.996042,0.0000092092,0.58257789,0.992335,0.0000189824,0.71269364,0.992414,0.0000185832,0.71354304,0.989159,0.0000284619,0.89136482,0.988622,0.0000290762,0.90229704,0.989176,0.0000282129,0.85037488,0.0000767390,0.986498,1.40463919,0.995510,0.0000216936,0.84357397,0.989312,0.0000583236,1.17728943,0.991488,0.0000435634,1.07781233,0.982965,0.0001037990,1.65710270,0.987113,0.0000730181,1.44755723,0.985041,0.0000868686,1.48858371,done
selected,156,5148,epithermal_only,0.0001360093,0.986439,1.70104355%,0.0001466073,0.985543,1.77662167,0.0000414541,0.990181,1.04376542,0.996687,0.0000285259,0.96340881,0.989656,0.0000985798,1.41922827,0.989815,0.0000968370,1.42095361,0.983615,0.0001714910,1.97374418,0.983703,0.0001687657,1.96379953,0.984101,0.0001655255,1.88992636,0.996029,0.0000151227,0.68583265,0.992290,0.0000314169,0.90094263,0.992489,0.0000310243,0.90026431,0.989295,0.0000453345,1.10662473,0.988815,0.0000479309,1.12540646,0.989444,0.0000452922,1.09678428,0.0001892668,0.981466,1.97825692,0.996115,0.0000349182,1.06386036,0.986883,0.0001282215,1.56281028,0.987952,0.0001147514,1.52270311,0.978892,0.0002221851,2.19561972,0.980254,0.0002076062,2.15821990,0.978600,0.0002217296,2.14637871,done
selected,156,5148,fast_only,0.0004585489,0.966751,2.47335408%,0.0004994678,0.964874,2.60812660,0.0000905322,0.980983,1.25873644,0.996347,0.0000415970,1.07864779,0.976924,0.0003062568,1.93956677,0.976513,0.0003081368,1.95277491,0.960582,0.0005801400,2.92352696,0.959279,0.0005886837,2.95337632,0.960161,0.0005808603,2.84656198,0.995185,0.0000176683,0.72091409,0.986807,0.0000602188,1.03865800,0.986111,0.0000621567,1.03583886,0.978799,0.0001028325,1.35021576,0.977481,0.0001061814,1.41304867,0.978771,0.0001021924,1.32831787,0.0006604213,0.952377,3.01251464,0.996219,0.0000467072,1.14533620,0.968923,0.0004174141,2.26089740,0.971437,0.0003650225,2.14122987,0.946674,0.0007627170,3.34642688,0.947772,0.0007426057,3.35482770,0.942856,0.0007989617,3.37148105,done
selected,156,5148,keff,0.0000006568,0.834021,0.05747955%,0.0000006921,0.818987,0.05943933,0.0000002921,0.948245,0.03708429,0.826304,0.0000004516,0.04905760,0.803576,0.0000006197,0.05493289,0.820810,0.0000005788,0.05396099,0.785025,0.0000007723,0.06302220,0.774458,0.0000008420,0.06658529,0.820550,0.0000006590,0.05826831,0.863847,0.0000006028,0.06140265,0.946962,0.0000002513,0.03613686,0.948476,0.0000002323,0.03680259,0.938734,0.0000003365,0.03847076,0.927958,0.0000003353,0.04083573,0.949363,0.0000002559,0.03289853,0.0000006944,0.819999,0.05939850,0.805489,0.0000004938,0.05117945,0.807600,0.0000005689,0.05435538,0.821696,0.0000005537,0.05316247,0.787040,0.0000007770,0.06279248,0.780177,0.0000008589,0.06661414,0.821948,0.0000006764,0.05854059,done
selected,156,5148,thermal_only,0.0017304681,0.979825,5.07302761%,0.0018709246,0.978560,5.32725989,0.0004739196,0.991615,2.69828812,0.995450,0.0004516949,2.93682577,0.986795,0.0012322582,4.20622182,0.986697,0.0013225113,4.29655898,0.973592,0.0020534605,5.74663633,0.974149,0.0022092921,5.91059809,0.974059,0.0021244352,5.74235173,0.989594,0.0002261564,2.17395611,0.993145,0.0003266144,2.41480696,0.994169,0.0003373452,2.36937396,0.989415,0.0005175439,2.84277559,0.990852,0.0005560914,2.83343356,0.990487,0.0005262950,2.80629777,0.0024625980,0.970625,6.55132110,0.993537,0.0006717146,3.36340870,0.980917,0.0017579999,5.31768617,0.981970,0.0017227619,5.18916547,0.966141,0.0025491633,6.80611339,0.965179,0.0028685941,7.20279336,0.963145,0.0028475282,7.22998847,done
selected,156,5148,total,0.0000585917,0.989374,1.24071884%,0.0000623310,0.988812,1.28857533,0.0000264372,0.989677,0.83863964,0.996339,0.0000169201,0.74113899,0.991323,0.0000460078,1.05757639,0.992501,0.0000379347,1.01352361,0.986200,0.0000824133,1.50087913,0.988222,0.0000646076,1.37315937,0.988068,0.0000685091,1.35443467,0.997043,0.0000068601,0.53018579,0.991937,0.0000199754,0.69795062,0.992510,0.0000183514,0.69552626,0.988456,0.0000303584,0.93214376,0.988535,0.0000293225,0.89306220,0.988689,0.0000295145,0.88498159,0.0000762975,0.986579,1.39107361,0.995888,0.0000196978,0.79710179,0.989610,0.0000566781,1.14949413,0.991786,0.0000420661,1.04062206,0.982745,0.0001051787,1.65158084,0.986985,0.0000737084,1.44051213,0.985225,0.0000858338,1.48310541,done
selected,169,5577,epithermal_only,0.0001377683,0.986265,1.68981220%,0.0001479681,0.985414,1.75674106,0.0000435177,0.989679,1.07106345,0.996470,0.0000304088,0.96048756,0.989500,0.0001001409,1.40968882,0.989683,0.0000981337,1.40380927,0.983463,0.0001731234,1.95482418,0.983680,0.0001690443,1.93613652,0.983945,0.0001672028,1.86768425,0.995595,0.0000168649,0.75343594,0.992251,0.0000315539,0.90421825,0.992135,0.0000324654,0.90366067,0.988510,0.0000484834,1.16519378,0.988500,0.0000493220,1.15001146,0.988789,0.0000480258,1.12240924,0.0001953962,0.980865,1.98364637,0.996218,0.0000339936,1.00964770,0.986494,0.0001320577,1.57208941,0.987728,0.0001168657,1.50330700,0.978064,0.0002308963,2.21368272,0.979756,0.0002128077,2.15700653,0.977828,0.0002297246,2.16068133,done
selected,169,5577,fast_only,0.0004378867,0.968252,2.47699881%,0.0004768462,0.966469,2.60973985,0.0000881933,0.981313,1.28679737,0.995807,0.0000477995,1.14954896,0.977854,0.0002939022,1.93679539,0.977151,0.0002997409,1.96714181,0.962343,0.0005542539,2.94674353,0.961506,0.0005566304,2.94891214,0.962006,0.0005540204,2.83184860,0.993843,0.0000230662,0.78981477,0.986459,0.0000608155,1.08488785,0.985497,0.0000641334,1.08825131,0.978266,0.0001035238,1.45023569,0.979011,0.0000989111,1.38301757,0.979570,0.0000977424,1.33186852,0.0006361520,0.954124,2.99607454,0.995871,0.0000509087,1.18069979,0.969859,0.0004047485,2.23386523,0.971797,0.0003604502,2.16315871,0.948289,0.0007394328,3.34755146,0.950678,0.0007011749,3.30122398,0.944933,0.0007699664,3.35125025,done
selected,169,5577,keff,0.0000005718,0.855498,0.05294638%,0.0000005964,0.844022,0.05462171,0.0000002828,0.949883,0.03410073,0.825177,0.0000004545,0.04812751,0.830723,0.0000005341,0.05057896,0.846330,0.0000004963,0.05011114,0.815026,0.0000006646,0.05783449,0.811947,0.0000007021,0.05989848,0.843309,0.0000005754,0.05376923,0.865347,0.0000005961,0.06041359,0.953236,0.0000002216,0.03308895,0.952072,0.0000002161,0.03496414,0.933583,0.0000003648,0.03591665,0.941914,0.0000002704,0.03361830,0.947623,0.0000002647,0.03129070,0.0000005960,0.845502,0.05471274,0.821402,0.0000004534,0.04897308,0.836675,0.0000004829,0.04965522,0.841167,0.0000004932,0.04981120,0.817374,0.0000006663,0.05778715,0.818253,0.0000007102,0.05995553,0.845291,0.0000005877,0.05435372,done
selected,169,5577,thermal_only,0.0016944174,0.980268,5.01214747%,0.0018321503,0.979026,5.25786570,0.0004575121,0.991869,2.69363159,0.995983,0.0004006605,2.79389084,0.987369,0.0011809012,4.09786198,0.987117,0.0012820321,4.21906369,0.974229,0.0020058884,5.66781387,0.974587,0.0021734538,5.86068465,0.974452,0.0020943761,5.68974861,0.991184,0.0001907426,2.05946578,0.993482,0.0003094325,2.35166012,0.994539,0.0003137701,2.31302961,0.989369,0.0005170465,2.88743709,0.991102,0.0005381558,2.84928908,0.990800,0.0005069278,2.81260506,0.0024377060,0.970927,6.49529595,0.993936,0.0006297486,3.27749517,0.981203,0.0017311217,5.24962049,0.982435,0.0016775396,5.11734549,0.966844,0.0024969866,6.71294429,0.965395,0.0028510614,7.15298778,0.963233,0.0028414652,7.20120288,done
selected,169,5577,total,0.0000582747,0.989441,1.24198232%,0.0000616981,0.988939,1.28295304,0.0000293685,0.988534,0.91121971,0.996324,0.0000169466,0.72083457,0.991289,0.0000461801,1.05419449,0.992407,0.0000383859,1.00051121,0.986758,0.0000792047,1.46948291,0.988317,0.0000641830,1.36691466,0.988109,0.0000683750,1.36495063,0.995892,0.0000095853,0.56739734,0.991052,0.0000221870,0.75816182,0.991522,0.0000207918,0.75845787,0.987026,0.0000340831,1.02473853,0.987289,0.0000325226,0.98590609,0.987607,0.0000323356,0.94770888,0.0000765662,0.986532,1.39405301,0.996032,0.0000189942,0.77775781,0.989459,0.0000575854,1.15377746,0.991702,0.0000424604,1.04544494,0.982971,0.0001037897,1.64470277,0.987284,0.0000720069,1.41733754,0.984898,0.0000877433,1.50490785,done
selected,182,6006,epithermal_only,0.0001306821,0.986971,1.67854401%,0.0001399971,0.986200,1.73951549,0.0000456123,0.989156,1.12248497,0.996802,0.0000275273,0.93603288,0.990024,0.0000951427,1.40054230,0.990272,0.0000925383,1.39812640,0.984435,0.0001629580,1.92467968,0.984541,0.0001601368,1.91830510,0.984772,0.0001585903,1.85128289,0.995893,0.0000154013,0.76799997,0.991409,0.0000347354,0.97556196,0.991634,0.0000343644,0.97426003,0.988317,0.0000494076,1.18074252,0.987540,0.0000531428,1.24098168,0.988353,0.0000498420,1.16203091,0.0001856324,0.981825,1.97607729,0.996606,0.0000304322,0.98210207,0.986900,0.0001281772,1.57972124,0.988122,0.0001131430,1.52076677,0.979510,0.0002157300,2.19588567,0.980859,0.0002012553,2.14008427,0.978858,0.0002190631,2.15116311,done
selected,182,6006,fast_only,0.0004380122,0.968246,2.45560369%,0.0004774601,0.966427,2.59064441,0.0000840453,0.982204,1.25076311,0.996377,0.0000412576,1.08476113,0.978013,0.0002917311,1.92893183,0.977372,0.0002967813,1.94154311,0.962553,0.0005512364,2.90418589,0.961094,0.0005625958,2.93004274,0.961841,0.0005564902,2.82660273,0.994941,0.0000184853,0.72676412,0.987733,0.0000551465,1.02663646,0.986607,0.0000592261,1.02756812,0.979953,0.0000959347,1.36782144,0.979211,0.0000978438,1.38817960,0.980225,0.0000945706,1.31629951,0.0006349508,0.954211,2.99291750,0.996408,0.0000443489,1.11927481,0.970351,0.0003980290,2.21680872,0.971792,0.0003603444,2.16280614,0.949331,0.0007245604,3.32105431,0.950550,0.0007029520,3.30970883,0.944510,0.0007760341,3.36251233,done
selected,182,6006,keff,0.0000005271,0.866796,0.05088174%,0.0000005523,0.855543,0.05258983,0.0000002819,0.950046,0.03403361,0.844280,0.0000004049,0.04514171,0.844149,0.0000004917,0.04869409,0.860675,0.0000004500,0.04729550,0.828319,0.0000006168,0.05599598,0.824650,0.0000006547,0.05807885,0.854161,0.0000005356,0.05182628,0.863577,0.0000006039,0.06105418,0.953025,0.0000002226,0.03229020,0.949223,0.0000002289,0.03553390,0.931874,0.0000003742,0.03685820,0.944120,0.0000002601,0.03272407,0.949079,0.0000002573,0.03110541,0.0000005686,0.852604,0.05341524,0.834025,0.0000004213,0.04730864,0.845471,0.0000004569,0.04824224,0.850894,0.0000004630,0.04794463,0.826738,0.0000006322,0.05652790,0.824958,0.0000006840,0.05910136,0.851542,0.0000005640,0.05307428,done
selected,182,6006,thermal_only,0.0016684567,0.980616,5.02233712%,0.0018010882,0.979422,5.25913304,0.0004817552,0.991458,2.82165913,0.996360,0.0003641927,2.75047296,0.987756,0.0011484122,4.09583278,0.987548,0.0012432598,4.19583418,0.974673,0.0019749781,5.66754262,0.975020,0.0021395611,5.87382048,0.974815,0.0020681495,5.69883925,0.987602,0.0002667382,2.29948732,0.992322,0.0003619636,2.57768763,0.993600,0.0003673258,2.50070000,0.989698,0.0005047273,2.94594000,0.990845,0.0005558242,2.94975574,0.990422,0.0005292264,2.92729492,0.0023838926,0.971589,6.48988871,0.994455,0.0005772382,3.27816751,0.982211,0.0016403491,5.19342740,0.982983,0.0016265213,5.11771887,0.967506,0.0024491943,6.73794566,0.966347,0.0027729673,7.12238087,0.963696,0.0028080609,7.20768463,done
selected,182,6006,total,0.0000551964,0.989997,1.21102136%,0.0000585568,0.989500,1.25456912,0.0000260619,0.989838,0.84275707,0.995825,0.0000193261,0.79406195,0.991556,0.0000447700,1.04917415,0.992528,0.0000377861,1.00908361,0.987294,0.0000759907,1.44485887,0.988915,0.0000608721,1.33386428,0.988957,0.0000634705,1.30844575,0.996645,0.0000077981,0.52147294,0.992498,0.0000185977,0.68093404,0.992685,0.0000179459,0.69114023,0.988541,0.0000301582,0.93481809,0.988581,0.0000292661,0.91053964,0.988853,0.0000291270,0.89408892,0.0000737834,0.987023,1.37379180,0.995696,0.0000207292,0.82339286,0.989718,0.0000561212,1.15356663,0.991970,0.0000411248,1.03065600,0.983799,0.0000987627,1.60775180,0.987459,0.0000711058,1.42045963,0.985565,0.0000838418,1.46728283,done
selected,195,6435,epithermal_only,0.0001259872,0.987438,1.61087955%,0.0001350998,0.986676,1.66952460,0.0000430139,0.989775,1.08446333,0.997346,0.0000228865,0.85272283,0.990555,0.0000900314,1.32013559,0.990694,0.0000884964,1.31923381,0.984992,0.0001570390,1.86395470,0.985049,0.0001548073,1.85288085,0.985188,0.0001541848,1.78192485,0.996644,0.0000124140,0.71061484,0.992677,0.0000295036,0.90593772,0.992724,0.0000297163,0.88706142,0.988528,0.0000485411,1.19432120,0.988098,0.0000511029,1.18830823,0.988840,0.0000476917,1.13407517,0.0001876299,0.981628,1.94685479,0.996696,0.0000297910,0.96072139,0.987153,0.0001257449,1.53545770,0.988337,0.0001110997,1.46311138,0.979210,0.0002188517,2.17869387,0.980606,0.0002038983,2.11393979,0.978456,0.0002232197,2.12822192,done
selected,195,6435,fast_only,0.0004225424,0.969385,2.41236757%,0.0004594985,0.967701,2.53962553,0.0000887034,0.981117,1.24783618,0.996490,0.0000400077,1.02402272,0.978547,0.0002847553,1.89118159,0.977987,0.0002888477,1.90873020,0.964010,0.0005299576,2.85081180,0.962749,0.0005388530,2.86600958,0.963349,0.0005346806,2.77358702,0.996205,0.0000131601,0.66058228,0.987420,0.0000559321,1.01192100,0.986420,0.0000596124,1.01458015,0.978374,0.0001031648,1.37658160,0.978249,0.0001021879,1.35033197,0.978587,0.0001016464,1.33754380,0.0006290759,0.954640,2.95883445,0.996099,0.0000482064,1.14247269,0.970620,0.0003943742,2.20431171,0.972123,0.0003561812,2.11045736,0.949224,0.0007261673,3.30673806,0.951273,0.0006927703,3.25517783,0.945207,0.0007664473,3.32287391,done
selected,195,6435,keff,0.0000005115,0.870747,0.05006238%,0.0000005365,0.859694,0.05179848,0.0000002716,0.951871,0.03295889,0.860561,0.0000003625,0.04302095,0.851004,0.0000004701,0.04756764,0.867030,0.0000004295,0.04611761,0.831557,0.0000006052,0.05550616,0.826068,0.0000006494,0.05763820,0.858954,0.0000005180,0.05106016,0.869069,0.0000005796,0.06024068,0.954871,0.0000002138,0.03114242,0.950326,0.0000002239,0.03450180,0.934255,0.0000003611,0.03502679,0.945631,0.0000002531,0.03222595,0.951388,0.0000002456,0.03010911,0.0000005531,0.856630,0.05268173,0.845608,0.0000003919,0.04517968,0.853173,0.0000004341,0.04708423,0.857975,0.0000004410,0.04669104,0.827796,0.0000006283,0.05643083,0.827542,0.0000006739,0.05871004,0.856377,0.0000005456,0.05228300,done
selected,195,6435,thermal_only,0.0016645725,0.980652,4.90685948%,0.0017896304,0.979545,5.12301483,0.0005631925,0.989901,2.94460012,0.996250,0.0003713139,2.66891328,0.987616,0.0011596680,3.99289032,0.987468,0.0012499303,4.08261000,0.974822,0.0019631586,5.52661969,0.975253,0.0021190802,5.70847135,0.975075,0.0020462218,5.55650239,0.988358,0.0002571111,2.26567544,0.991617,0.0003923344,2.60744353,0.992912,0.0004044780,2.52705534,0.987304,0.0006127872,3.11032401,0.988967,0.0006622740,3.12213833,0.988563,0.0006242189,3.08111326,0.0024196412,0.971158,6.42864535,0.994277,0.0005919231,3.20054868,0.981709,0.0016852553,5.11935297,0.982933,0.0016294606,4.99880403,0.967044,0.0024843750,6.70481642,0.965482,0.0028433570,7.08805927,0.963334,0.0028364176,7.14379330,done
selected,195,6435,total,0.0000551757,0.989997,1.20247448%,0.0000581899,0.989559,1.24036788,0.0000245337,0.990425,0.80768893,0.996814,0.0000147623,0.68762993,0.991907,0.0000428992,1.01223041,0.992873,0.0000360525,0.97533315,0.987361,0.0000755314,1.43352094,0.988897,0.0000609264,1.32450818,0.988815,0.0000642458,1.31217343,0.997862,0.0000049700,0.43187876,0.993211,0.0000168387,0.64608471,0.993365,0.0000162656,0.64230237,0.989188,0.0000284390,0.90408679,0.989135,0.0000278075,0.88874572,0.989310,0.0000278956,0.85927605,0.0000737447,0.987028,1.36228450,0.996545,0.0000166193,0.72700243,0.989808,0.0000557090,1.12396234,0.992160,0.0000401799,1.01026745,0.983677,0.0000995306,1.60975030,0.987494,0.0000707883,1.40200238,0.985483,0.0000843063,1.46858728,done
selected,208,6864,epithermal_only,0.0001245970,0.987577,1.60005587%,0.0001337037,0.986810,1.66037117,0.0000409849,0.990273,1.04275718,0.997408,0.0000223137,0.83578210,0.990651,0.0000890795,1.30471208,0.990777,0.0000876563,1.30536823,0.985048,0.0001564241,1.86147251,0.985138,0.0001538513,1.84935913,0.985416,0.0001517760,1.77092961,0.997177,0.0000104534,0.61767877,0.993017,0.0000281973,0.86242127,0.992927,0.0000290025,0.86448790,0.989073,0.0000463175,1.13918734,0.988742,0.0000483475,1.14052133,0.989386,0.0000454384,1.10061829,0.0001830537,0.982074,1.92021844,0.996832,0.0000285319,0.95080167,0.987424,0.0001229947,1.50052397,0.988275,0.0001116725,1.45967204,0.979569,0.0002150641,2.15510207,0.981114,0.0001985554,2.09137486,0.979149,0.0002160303,2.09166340,done
selected,208,6864,fast_only,0.0004253012,0.969193,2.41370197%,0.0004627331,0.967480,2.54547731,0.0000891938,0.981124,1.23081147,0.996447,0.0000404912,1.07035142,0.978729,0.0002823824,1.87546756,0.978112,0.0002872010,1.89326594,0.963658,0.0005352895,2.85895789,0.962270,0.0005458834,2.88883496,0.963082,0.0005386941,2.78072572,0.996620,0.0000119612,0.63145903,0.987735,0.0000550880,0.99560918,0.986302,0.0000606119,0.99863909,0.977973,0.0001053927,1.37244399,0.978093,0.0001035329,1.35432730,0.978799,0.0001012568,1.30397489,0.0006296372,0.954594,2.96743481,0.996289,0.0000458878,1.13230394,0.970119,0.0004010716,2.20045667,0.971863,0.0003593200,2.11312693,0.949386,0.0007238962,3.32088167,0.950590,0.0007024370,3.28613430,0.945571,0.0007612085,3.32522259,done
selected,208,6864,keff,0.0000004947,0.874980,0.04925572%,0.0000005209,0.863776,0.05103671,0.0000002636,0.953289,0.03312286,0.867392,0.0000003448,0.04183968,0.857661,0.0000004491,0.04679289,0.870049,0.0000004197,0.04573401,0.837006,0.0000005856,0.05475393,0.827610,0.0000006436,0.05719242,0.863999,0.0000004994,0.05004884,0.865511,0.0000005954,0.06000803,0.953245,0.0000002215,0.03240492,0.945145,0.0000002473,0.03648233,0.940175,0.0000003286,0.03560964,0.945979,0.0000002515,0.03172523,0.954676,0.0000002290,0.02945734,0.0000005472,0.858155,0.05249029,0.850493,0.0000003795,0.04450819,0.856291,0.0000004249,0.04670331,0.860955,0.0000004318,0.04624161,0.829523,0.0000006220,0.05641256,0.825510,0.0000006818,0.05891207,0.858957,0.0000005358,0.05199751,done
selected,208,6864,thermal_only,0.0016644949,0.980654,4.92657970%,0.0017913228,0.979527,5.14386184,0.0005466525,0.990199,2.96843345,0.996121,0.0003855555,2.71493874,0.987646,0.0011576278,4.00919179,0.987451,0.0012514647,4.11499251,0.974712,0.0019721053,5.56157151,0.975201,0.0021236231,5.74684177,0.975113,0.0020431129,5.55710708,0.987458,0.0002804803,2.35679901,0.991593,0.0003939329,2.65518767,0.992816,0.0004072695,2.60722790,0.987869,0.0005856308,3.12688997,0.989237,0.0006465095,3.17892783,0.989079,0.0005967834,3.05974466,0.0024262149,0.971076,6.48783137,0.994163,0.0006033698,3.28338399,0.981720,0.0016825171,5.17247723,0.982694,0.0016518344,5.08283096,0.966977,0.0024894240,6.74944969,0.965346,0.0028542267,7.17680154,0.963302,0.0028390357,7.18724058,done
selected,208,6864,total,0.0000531634,0.990360,1.17827104%,0.0000562205,0.989910,1.21834478,0.0000270929,0.989435,0.84718834,0.996976,0.0000139907,0.67793370,0.992190,0.0000413667,0.99964699,0.993198,0.0000343885,0.94941050,0.987680,0.0000736102,1.41765829,0.989267,0.0000588992,1.30683620,0.989214,0.0000619340,1.28202059,0.996817,0.0000074584,0.53044936,0.992589,0.0000183845,0.67634708,0.992964,0.0000172674,0.66719317,0.988005,0.0000315491,0.93686545,0.988138,0.0000303886,0.92455589,0.988121,0.0000310311,0.90700641,0.0000729971,0.987160,1.35098121,0.996634,0.0000161678,0.71937538,0.990152,0.0000537933,1.10500627,0.992071,0.0000405884,1.00663207,0.983681,0.0000994844,1.61332577,0.987657,0.0000699001,1.39275622,0.985666,0.0000832575,1.44850364,done
selected,221,7293,epithermal_only,0.0001271477,0.987323,1.64570105%,0.0001362933,0.986559,1.70523879,0.0000428041,0.989870,1.08117666,0.996842,0.0000272327,0.93876273,0.990334,0.0000921445,1.36379111,0.990520,0.0000901359,1.36408941,0.984825,0.0001588018,1.88974488,0.984825,0.0001571373,1.88485853,0.985225,0.0001538074,1.81458124,0.996883,0.0000115493,0.66866886,0.992445,0.0000306545,0.90140172,0.992455,0.0000311045,0.91958112,0.988783,0.0000476160,1.16528659,0.988266,0.0000505353,1.18597685,0.989030,0.0000470869,1.13488741,0.0001840803,0.981975,1.94499984,0.996658,0.0000302206,0.98283546,0.987331,0.0001239102,1.52681882,0.988283,0.0001116221,1.48623962,0.979521,0.0002155824,2.16787758,0.980865,0.0002011626,2.11915194,0.979069,0.0002168615,2.11924365,done
selected,221,7293,fast_only,0.0004254546,0.969163,2.35254218%,0.0004637721,0.967393,2.48669864,0.0000807111,0.983058,1.13580342,0.996986,0.0000343416,0.97861158,0.978890,0.0002801697,1.80189797,0.978369,0.0002837683,1.82326101,0.963437,0.0005383081,2.81049468,0.962100,0.0005480655,2.84675544,0.962882,0.0005413454,2.71985890,0.997611,0.0000082983,0.53164030,0.989106,0.0000494920,0.88233754,0.987917,0.0000540187,0.88419010,0.980677,0.0000934451,1.26301721,0.980015,0.0000948177,1.29355088,0.980762,0.0000926290,1.21202946,0.0006348778,0.954236,2.93339591,0.996745,0.0000401704,1.04675722,0.969562,0.0004087687,2.15385397,0.972089,0.0003567477,2.08265226,0.948397,0.0007382507,3.28519548,0.950933,0.0006978648,3.25221915,0.945001,0.0007695002,3.29925181,done
selected,221,7293,keff,0.0000004431,0.888025,0.04670882%,0.0000004638,0.878711,0.04817951,0.0000002805,0.950300,0.03501571,0.868674,0.0000003414,0.04125583,0.872770,0.0000004014,0.04401709,0.884856,0.0000003719,0.04274518,0.854175,0.0000005239,0.05175778,0.850226,0.0000005592,0.05352206,0.878122,0.0000004476,0.04749498,0.861400,0.0000006136,0.06082527,0.950678,0.0000002337,0.03379833,0.946224,0.0000002424,0.03538673,0.932249,0.0000003721,0.03940717,0.946596,0.0000002486,0.03320329,0.950299,0.0000002511,0.03185752,0.0000004988,0.870713,0.05015851,0.852296,0.0000003750,0.04401266,0.869297,0.0000003865,0.04450842,0.870426,0.0000004024,0.04451637,0.843337,0.0000005716,0.05392332,0.844996,0.0000006057,0.05574134,0.871321,0.0000004888,0.04976261,done
selected,221,7293,thermal_only,0.0016646984,0.980673,4.88016187%,0.0017914619,0.979544,5.09314374,0.0005532181,0.990082,3.00473497,0.996776,0.0003221984,2.59038693,0.987866,0.0011392676,3.94347443,0.987654,0.0012338172,4.04635189,0.974789,0.0019669377,5.50567496,0.975097,0.0021339719,5.69772983,0.974949,0.0020581872,5.52530188,0.986112,0.0002965091,2.40268481,0.991232,0.0004079648,2.71094697,0.992547,0.0004211253,2.70773700,0.987992,0.0005814688,3.09047953,0.989227,0.0006470989,3.17324949,0.988924,0.0006059934,3.12470493,0.0023872689,0.971580,6.41878660,0.994875,0.0005362223,3.19102421,0.982351,0.0016307075,5.06240851,0.983683,0.0015617961,4.95116829,0.967252,0.0024717435,6.72919752,0.965844,0.0028156656,7.09966031,0.963672,0.0028129409,7.13434434,done
selected,221,7293,total,0.0000557316,0.989893,1.19675203%,0.0000589132,0.989425,1.23529602,0.0000257788,0.989946,0.83955278,0.997017,0.0000137383,0.66886769,0.991957,0.0000425992,0.99985692,0.992933,0.0000357036,0.95872041,0.987246,0.0000761878,1.42295328,0.988541,0.0000628725,1.34167179,0.988640,0.0000652354,1.30615343,0.996989,0.0000070306,0.51471170,0.992818,0.0000178084,0.67997849,0.992939,0.0000173280,0.69408266,0.988691,0.0000297674,0.92433436,0.988684,0.0000289948,0.90644882,0.988813,0.0000292126,0.89246552,0.0000743590,0.986914,1.36621283,0.996405,0.0000172748,0.74167983,0.989873,0.0000552465,1.11410526,0.992009,0.0000409260,1.01766782,0.983564,0.0001001876,1.61405608,0.987268,0.0000720405,1.42163857,0.985378,0.0000848918,1.46701203,done
selected,234,7722,epithermal_only,0.0001240235,0.987634,1.61403675%,0.0001327290,0.986909,1.66927275,0.0000433990,0.989698,1.09629002,0.996968,0.0000261315,0.93118258,0.990796,0.0000877168,1.31574541,0.990814,0.0000873270,1.33183440,0.985140,0.0001554947,1.85982905,0.985198,0.0001532520,1.85663722,0.985579,0.0001501060,1.77214178,0.996054,0.0000149636,0.73659326,0.992397,0.0000308424,0.93449490,0.992292,0.0000317134,0.92767101,0.988697,0.0000478575,1.17469774,0.988102,0.0000508635,1.19407477,0.988818,0.0000478879,1.14830656,0.0001841348,0.981968,1.93021227,0.996554,0.0000309571,0.99480142,0.987362,0.0001236080,1.51142809,0.988126,0.0001130974,1.48532992,0.979623,0.0002145164,2.15107272,0.981108,0.0001986097,2.09439456,0.978923,0.0002183683,2.10378792,done
selected,234,7722,fast_only,0.0004190806,0.969622,2.36334408%,0.0004563027,0.967917,2.49209912,0.0000861382,0.981811,1.21340085,0.996649,0.0000381755,1.03379130,0.978993,0.0002788507,1.82556921,0.978578,0.0002810523,1.84527820,0.964012,0.0005297505,2.81725183,0.962949,0.0005357859,2.82698115,0.963504,0.0005322487,2.72139101,0.995868,0.0000150166,0.69416310,0.988193,0.0000532167,0.98823762,0.986567,0.0000593176,1.02293123,0.979331,0.0000994303,1.33885455,0.978943,0.0000996338,1.30829954,0.979396,0.0000985852,1.28503874,0.0006336445,0.954313,2.95283176,0.996350,0.0000450585,1.11126442,0.970212,0.0004000129,2.18639687,0.971887,0.0003591378,2.10812490,0.948778,0.0007325968,3.30721447,0.951095,0.0006952759,3.24196188,0.944815,0.0007719429,3.32209302,done
selected,234,7722,keff,0.0000004315,0.890959,0.04626137%,0.0000004526,0.881637,0.04782335,0.0000002637,0.953283,0.03368698,0.866628,0.0000003468,0.04094810,0.877175,0.0000003875,0.04358432,0.886116,0.0000003678,0.04276796,0.859869,0.0000005035,0.05085455,0.854751,0.0000005423,0.05285472,0.879904,0.0000004410,0.04746313,0.878851,0.0000005363,0.05785103,0.958080,0.0000001986,0.03182089,0.952328,0.0000002149,0.03335256,0.943257,0.0000003117,0.03554410,0.944813,0.0000002569,0.03253131,0.948895,0.0000002582,0.03205609,0.0000004922,0.872409,0.04982443,0.858888,0.0000003582,0.04355676,0.870431,0.0000003831,0.04383651,0.866938,0.0000004132,0.04507613,0.846956,0.0000005584,0.05322092,0.848237,0.0000005930,0.05506743,0.872941,0.0000004827,0.04960744,done
selected,234,7722,thermal_only,0.0016264994,0.981120,4.79169768%,0.0017495429,0.980026,5.00028090,0.0005477349,0.990187,2.97742331,0.996689,0.0003300817,2.56208548,0.988119,0.0011154536,3.87556135,0.987961,0.0012028650,3.96774484,0.975251,0.0019316753,5.43029353,0.975810,0.0020729985,5.57764642,0.975558,0.0020086265,5.41885998,0.989108,0.0002449347,2.27739808,0.991533,0.0003956746,2.67850604,0.993002,0.0003975533,2.60714107,0.987594,0.0006000536,3.12387922,0.989404,0.0006361668,3.17134214,0.988968,0.0006033401,3.08863787,0.0023850592,0.971590,6.37872815,0.994672,0.0005530661,3.17579726,0.982201,0.0016435816,5.06383833,0.983490,0.0015772000,4.93632957,0.967480,0.0024527869,6.66418099,0.966216,0.0027843666,7.00828174,0.963550,0.0028211572,7.10811287,done
selected,234,7722,total,0.0000528919,0.990407,1.15562551%,0.0000559011,0.989965,1.19412311,0.0000261212,0.989806,0.81220880,0.997079,0.0000135126,0.66590846,0.992290,0.0000408268,0.96500010,0.993254,0.0000341194,0.92887550,0.987759,0.0000731147,1.39049736,0.989338,0.0000585200,1.28489481,0.989234,0.0000618025,1.25935824,0.997690,0.0000053791,0.43189079,0.993099,0.0000171081,0.64295726,0.993323,0.0000163693,0.64519957,0.988341,0.0000306515,0.91818610,0.988376,0.0000297471,0.87495489,0.988500,0.0000300264,0.87162718,0.0000732530,0.987112,1.34752131,0.996480,0.0000168902,0.72892469,0.989976,0.0000547528,1.09664826,0.992046,0.0000407565,1.00464235,0.983678,0.0000995163,1.60965325,0.987748,0.0000693488,1.38203379,0.985570,0.0000837848,1.44883628,done
selected,247,8151,epithermal_only,0.0001230776,0.987729,1.61216160%,0.0001316822,0.987009,1.66908244,0.0000439453,0.989606,1.08328221,0.997078,0.0000251273,0.89268676,0.990780,0.0000878427,1.32262910,0.990856,0.0000869051,1.32818265,0.985273,0.0001540645,1.86235273,0.985330,0.0001518454,1.86111117,0.985700,0.0001488279,1.77025029,0.997092,0.0000108616,0.60966660,0.992459,0.0000307300,0.91931880,0.992377,0.0000315046,0.93197940,0.988333,0.0000494792,1.16798026,0.988117,0.0000510780,1.16781926,0.988617,0.0000489209,1.14322138,0.0001833654,0.982044,1.93329762,0.996867,0.0000282167,0.95342117,0.987172,0.0001253944,1.52482811,0.988365,0.0001108312,1.48045017,0.979447,0.0002163617,2.16644330,0.981246,0.0001971850,2.09745148,0.979111,0.0002164308,2.10367938,done
selected,247,8151,fast_only,0.0004182237,0.969683,2.41358725%,0.0004548835,0.968016,2.54014121,0.0000907404,0.980743,1.28361994,0.996442,0.0000405455,1.06729075,0.978689,0.0002828620,1.88266869,0.978173,0.0002863492,1.89810197,0.964541,0.0005219913,2.85886723,0.963129,0.0005331447,2.86965249,0.963640,0.0005302458,2.77193069,0.994673,0.0000192252,0.79967523,0.987133,0.0000579646,1.05243631,0.985776,0.0000627061,1.08313053,0.978448,0.0001032001,1.37797643,0.977710,0.0001047858,1.39890829,0.978198,0.0001037174,1.36301726,0.0006224059,0.955117,2.96173927,0.996261,0.0000461626,1.14612380,0.970533,0.0003956183,2.21911946,0.971848,0.0003596669,2.13512263,0.950103,0.0007136022,3.30562030,0.952142,0.0006803180,3.24212150,0.945713,0.0007592060,3.32448710,done
selected,247,8151,keff,0.0000004167,0.894688,0.04532062%,0.0000004385,0.885308,0.04684313,0.0000002419,0.957140,0.03340976,0.887171,0.0000002934,0.03828934,0.885924,0.0000003599,0.04185251,0.887612,0.0000003630,0.04203998,0.865355,0.0000004837,0.04984936,0.853627,0.0000005465,0.05279675,0.884150,0.0000004254,0.04634060,0.899581,0.0000004446,0.05256369,0.964054,0.0000001703,0.02782676,0.956271,0.0000001971,0.03180489,0.942731,0.0000003146,0.03748900,0.944107,0.0000002602,0.03510041,0.956801,0.0000002183,0.03132461,0.0000004743,0.877053,0.04884029,0.879401,0.0000003062,0.04004197,0.882042,0.0000003488,0.04217811,0.874863,0.0000003886,0.04366574,0.854206,0.0000005319,0.05208690,0.846414,0.0000006001,0.05522813,0.877050,0.0000004671,0.04870426,done
selected,247,8151,thermal_only,0.0016572564,0.980742,4.78672591%,0.0017833912,0.979621,4.99374360,0.0005491161,0.990165,2.95389169,0.996878,0.0003096664,2.50648662,0.987857,0.0011384703,3.84840775,0.987892,0.0012088309,3.92721196,0.974730,0.0019711081,5.40234130,0.975009,0.0021394539,5.65314772,0.975145,0.0020408054,5.40430327,0.987513,0.0002710632,2.29586779,0.991709,0.0003864319,2.61980598,0.992892,0.0004056973,2.57305794,0.987950,0.0005824760,3.06574436,0.988791,0.0006717165,3.22718083,0.989119,0.0005963414,3.05446261,0.0023984234,0.971431,6.34780335,0.994669,0.0005530952,3.09362440,0.982300,0.0016348099,5.00504614,0.983640,0.0015646093,4.84280952,0.967228,0.0024721620,6.64876005,0.965614,0.0028330516,7.02674704,0.963423,0.0028310006,7.07918006,done
selected,247,8151,total,0.0000531865,0.990348,1.16851507%,0.0000562864,0.989888,1.20892598,0.0000255317,0.990040,0.81287761,0.996711,0.0000152717,0.72246847,0.992216,0.0000411848,0.98023242,0.993254,0.0000340831,0.93874253,0.987673,0.0000735633,1.40348317,0.989195,0.0000592291,1.30528054,0.989188,0.0000620295,1.27030057,0.996091,0.0000090852,0.54037693,0.992437,0.0000187543,0.67768763,0.992558,0.0000182451,0.66936025,0.988913,0.0000291711,0.88930148,0.989343,0.0000272929,0.85266130,0.988939,0.0000288900,0.87038467,0.0000739250,0.986995,1.36139645,0.996445,0.0000170811,0.74707218,0.989607,0.0000566844,1.13359161,0.992009,0.0000409192,1.01566430,0.983328,0.0001016100,1.62284060,0.987664,0.0000698977,1.39774537,0.985608,0.0000835976,1.45504155,done
selected,256,8448,epithermal_only,0.0001230401,0.987732,1.58434236%,0.0001321693,0.986964,1.64731859,0.0000399009,0.990526,1.01483552,0.997304,0.0000232277,0.85627938,0.990947,0.0000862695,1.28492586,0.991047,0.0000851090,1.28266230,0.985205,0.0001547973,1.84871936,0.985183,0.0001533949,1.83762584,0.985560,0.0001503076,1.75973419,0.996879,0.0000115379,0.59774378,0.992924,0.0000286289,0.86137077,0.993034,0.0000286520,0.85090190,0.989523,0.0000442699,1.09735127,0.989065,0.0000468950,1.12042810,0.989704,0.0000440900,1.06133847,0.0001860449,0.981781,1.93055885,0.996837,0.0000285016,0.94000771,0.987094,0.0001262156,1.50159470,0.988224,0.0001121654,1.46857317,0.979216,0.0002187985,2.17046570,0.980942,0.0002003689,2.09633038,0.978741,0.0002202476,2.10752129,done
selected,256,8448,fast_only,0.0004235457,0.969299,2.36009677%,0.0004608894,0.967594,2.49028288,0.0000900591,0.980984,1.19904441,0.996678,0.0000378286,1.02212826,0.978924,0.0002797223,1.82114181,0.978236,0.0002854564,1.84470313,0.963551,0.0005366023,2.80608966,0.962597,0.0005408295,2.83302042,0.963169,0.0005371847,2.72159721,0.996764,0.0000126926,0.60631728,0.988057,0.0000544088,0.95130286,0.986890,0.0000587598,0.95959639,0.978248,0.0001042924,1.32836116,0.977721,0.0001050780,1.32092713,0.978169,0.0001041966,1.28523513,0.0006411212,0.953775,2.94792436,0.996412,0.0000443300,1.11255743,0.969065,0.0004153149,2.19540524,0.971637,0.0003622442,2.09277104,0.948456,0.0007372524,3.30351377,0.950994,0.0006967883,3.22623393,0.944004,0.0007833465,3.32031770,done
selected,256,8448,keff,0.0000003994,0.899063,0.04450483%,0.0000004167,0.891020,0.04567660,0.0000002570,0.954453,0.03487106,0.887719,0.0000002919,0.03814552,0.888697,0.0000003512,0.04117919,0.893977,0.0000003424,0.04133930,0.871275,0.0000004625,0.04864903,0.857799,0.0000005309,0.05243385,0.892794,0.0000003937,0.04438425,0.893809,0.0000004701,0.05509420,0.958297,0.0000001976,0.03112824,0.957510,0.0000001916,0.02990989,0.935426,0.0000003547,0.04021393,0.946128,0.0000002508,0.03522631,0.953439,0.0000002353,0.03323806,0.0000004577,0.881349,0.04812450,0.873627,0.0000003208,0.04083355,0.880665,0.0000003529,0.04239414,0.883393,0.0000003621,0.04224371,0.857038,0.0000005216,0.05163078,0.853427,0.0000005727,0.05439940,0.882437,0.0000004466,0.04771389,done
selected,256,8448,thermal_only,0.0016035128,0.981386,4.74564924%,0.0017252085,0.980303,4.95274044,0.0005329037,0.990495,2.86926828,0.996843,0.0003145807,2.52012664,0.988365,0.0010922009,3.81702365,0.988110,0.0011882216,3.92502748,0.975710,0.0018958184,5.36978452,0.976024,0.0020547684,5.54493484,0.975869,0.0019826742,5.37198227,0.989233,0.0002383075,2.18097771,0.991800,0.0003857528,2.55736665,0.993126,0.0003934375,2.51880027,0.987929,0.0005850729,3.03267223,0.989833,0.0006135981,3.02450008,0.989318,0.0005865605,2.98809782,0.0023651370,0.971833,6.33510718,0.995003,0.0005175885,3.07914695,0.982412,0.0016246896,5.01137762,0.983616,0.0015675315,4.89113635,0.967530,0.0024501491,6.63684882,0.966672,0.0027463925,6.95895065,0.963840,0.0027991579,7.06710693,done
selected,256,8448,total,0.0000544675,0.990117,1.18875517%,0.0000577879,0.989619,1.23228515,0.0000259042,0.989895,0.81807855,0.996209,0.0000175576,0.76671564,0.991801,0.0000434217,1.02373406,0.992988,0.0000354351,0.96679684,0.987429,0.0000750115,1.42394004,0.988948,0.0000605954,1.31920255,0.988956,0.0000633645,1.28980961,0.996894,0.0000072304,0.47419216,0.992541,0.0000184952,0.65449295,0.992889,0.0000174532,0.68261200,0.988498,0.0000302569,0.89509154,0.989090,0.0000279357,0.86301160,0.988681,0.0000295549,0.88544679,0.0000749936,0.986806,1.37512967,0.996174,0.0000185648,0.76871069,0.989542,0.0000570304,1.15391131,0.991856,0.0000417102,1.03360259,0.983501,0.0001005680,1.62059833,0.987180,0.0000726578,1.42142348,0.985330,0.0000851743,1.46753194,done
random,13,429,epithermal_only,0.0002321067,0.976865,2.52593332%,0.0002190897,0.978419,2.51393592,0.0000601377,0.985469,1.41977310,0.992404,0.0000656505,1.48323749,0.984192,0.0001509920,2.06047501,0.984106,0.0001513913,2.05403449,0.975845,0.0002531163,2.75532704,0.976223,0.0002464501,2.70828656,0.976346,0.0002464481,2.68641069,0.993675,0.0000233881,0.89365328,0.988690,0.0000449830,1.18940475,0.988631,0.0000459707,1.22123662,0.983804,0.0000670884,1.53152650,0.983509,0.0000693868,1.57274959,0.984601,0.0000648742,1.47421976,0.0002160317,0.978893,2.49125017,0.990206,0.0000896240,1.67706924,0.982867,0.0001684318,2.18577421,0.983738,0.0001551809,2.11306184,0.977269,0.0002398615,2.64931687,0.976750,0.0002449686,2.68047930,0.977212,0.0002363673,2.61356267,done
random,13,429,fast_only,0.0008637772,0.937332,4.09679855%,0.0008471876,0.940460,4.13321819,0.0001114204,0.975663,1.73075708,0.987397,0.0001435557,2.08765531,0.961370,0.0005124922,3.20378062,0.960875,0.0005130867,3.18426105,0.932814,0.0009895884,4.54590447,0.932105,0.0009823174,4.50316406,0.932172,0.0009899903,4.53849726,0.990158,0.0000350152,1.09440756,0.982493,0.0000762087,1.43937509,0.981814,0.0000783387,1.45571419,0.973369,0.0001241491,1.82233120,0.972634,0.0001254765,1.85461781,0.972406,0.0001271595,1.86487707,0.0008460420,0.938886,4.14168118,0.983787,0.0002007532,2.38539225,0.958035,0.0005627365,3.38697934,0.957782,0.0005372917,3.24103830,0.930521,0.0009919191,4.53330623,0.933325,0.0009472352,4.43489454,0.930216,0.0009738102,4.49788399,done
random,13,429,keff,0.0000025080,0.366224,0.11456755%,0.0000024632,0.355772,0.11359388,0.0000032038,0.432309,0.13001822,0.421217,0.0000015048,0.08977371,0.362690,0.0000020107,0.10203232,0.329300,0.0000021663,0.10633833,0.260856,0.0000026555,0.11713120,0.253709,0.0000027862,0.12360971,0.309606,0.0000025353,0.11507470,0.210854,0.0000034936,0.14886396,0.391853,0.0000028814,0.12732614,0.390437,0.0000027481,0.12475368,0.405873,0.0000032633,0.12634608,0.197898,0.0000037337,0.14138457,0.377722,0.0000031443,0.12725285,0.0000026084,0.323875,0.11701460,0.390140,0.0000015482,0.09007214,0.348845,0.0000019254,0.10176887,0.315966,0.0000021242,0.10646408,0.215377,0.0000028627,0.12202888,0.221472,0.0000030421,0.12892810,0.278163,0.0000027421,0.11940208,done
random,13,429,thermal_only,0.0033898978,0.959977,7.68736090%,0.0028753840,0.966713,7.04856919,0.0008152158,0.984918,4.81539426,0.982438,0.0016959505,5.44301187,0.975528,0.0022333031,6.09063562,0.975806,0.0023630960,6.25969242,0.959649,0.0031049061,7.50933592,0.962413,0.0031913234,7.44987003,0.962057,0.0030857289,7.33360196,0.975400,0.0005198271,4.02317936,0.986580,0.0005993886,4.07931562,0.989271,0.0005828672,4.07529774,0.973570,0.0012059561,5.81183525,0.985571,0.0008453037,5.08648038,0.985571,0.0007788095,4.73970701,0.0034094282,0.958711,7.74840679,0.972556,0.0027907792,6.18851865,0.965558,0.0030897792,6.98217145,0.963989,0.0033409659,7.25295639,0.955374,0.0033064703,7.90965198,0.955202,0.0036623168,8.11492771,0.954001,0.0035155575,8.03550533,done
random,13,429,total,0.0001189280,0.978447,1.93167267%,0.0001264342,0.977321,1.99518776,0.0000544293,0.978739,1.42324576,0.989527,0.0000484637,1.29239275,0.982087,0.0000951582,1.72234353,0.982582,0.0000880669,1.65870946,0.974501,0.0001525955,2.20969500,0.975293,0.0001355596,2.10006074,0.975876,0.0001385029,2.09717140,0.986769,0.0000307797,1.02187366,0.982731,0.0000427656,1.22261625,0.982453,0.0000430115,1.23210626,0.977112,0.0000600822,1.50388757,0.975731,0.0000620804,1.57849042,0.977970,0.0000574419,1.46933987,0.0001212064,0.978783,1.96566559,0.987756,0.0000602086,1.40370959,0.982137,0.0000984076,1.76619116,0.983420,0.0000852030,1.64927733,0.976616,0.0001429888,2.13375256,0.977041,0.0001306927,2.06794347,0.977673,0.0001302726,2.04942162,done
random,26,858,epithermal_only,0.0001834393,0.981715,2.21179811%,0.0001820901,0.982049,2.22432589,0.0000572435,0.986294,1.31492315,0.993578,0.0000552259,1.32276079,0.986690,0.0001268771,1.80749313,0.986199,0.0001312479,1.85571393,0.980302,0.0002062554,2.41302717,0.979978,0.0002073972,2.41938702,0.980479,0.0002032777,2.36939003,0.992604,0.0000274175,0.99708704,0.988373,0.0000465134,1.21054630,0.988091,0.0000484361,1.23874788,0.986030,0.0000586885,1.30724123,0.985013,0.0000638884,1.39597303,0.985334,0.0000621965,1.36490957,0.0001852195,0.981873,2.23696059,0.992674,0.0000657224,1.43001718,0.985796,0.0001390745,1.87643724,0.986299,0.0001305140,1.86490107,0.980535,0.0002050730,2.38934183,0.980252,0.0002076926,2.40899921,0.979965,0.0002076639,2.38641216,done
random,26,858,fast_only,0.0005032324,0.963510,3.29448187%,0.0005441995,0.961736,3.46141824,0.0001355217,0.969610,1.78863991,0.991618,0.0000955186,1.74856336,0.973450,0.0003524037,2.74054580,0.972564,0.0003599996,2.75918557,0.957352,0.0006276350,3.78201397,0.956107,0.0006346407,3.80855366,0.957495,0.0006199830,3.74465895,0.984468,0.0000547966,1.24615087,0.975329,0.0001038739,1.58354621,0.973901,0.0001088720,1.63175435,0.967800,0.0001467117,1.88070488,0.967837,0.0001440938,1.86348849,0.966175,0.0001518001,1.87105030,0.0005102972,0.963202,3.37011627,0.991037,0.0001100322,1.81283686,0.974238,0.0003460408,2.75287688,0.974180,0.0003300470,2.71128720,0.961003,0.0005569240,3.59364513,0.958165,0.0005952567,3.67572622,0.957612,0.0005928051,3.66110458,done
random,26,858,keff,0.0000019101,0.517317,0.09931154%,0.0000019030,0.502285,0.09873172,0.0000021385,0.621075,0.10834461,0.694692,0.0000007938,0.06112824,0.516629,0.0000015250,0.08969321,0.555473,0.0000014358,0.08619268,0.353775,0.0000023217,0.10942804,0.435397,0.0000021079,0.10575118,0.464778,0.0000019655,0.10019996,0.247018,0.0000033335,0.13315605,0.521183,0.0000022686,0.11631517,0.540364,0.0000020722,0.11024300,0.592679,0.0000022373,0.10912815,0.568890,0.0000020068,0.10485098,0.597441,0.0000020341,0.10434239,0.0000018783,0.513132,0.09822638,0.681055,0.0000008097,0.06467647,0.537106,0.0000013687,0.08558335,0.561360,0.0000013621,0.08396523,0.390614,0.0000022234,0.10836477,0.445633,0.0000021662,0.10664884,0.475360,0.0000019930,0.10071906,done
random,26,858,thermal_only,0.0021696659,0.974646,6.54618825%,0.0022068721,0.974672,6.55553589,0.0006927869,0.987688,3.96297091,0.989778,0.0010205515,4.73754630,0.983395,0.0015415183,5.63294521,0.983591,0.0016252766,5.75393001,0.969248,0.0023874564,6.83982387,0.970835,0.0024903876,7.01479807,0.969587,0.0024893321,6.90999213,0.986235,0.0003823616,3.21149208,0.987552,0.0005920742,3.88953458,0.989800,0.0005915398,3.75789722,0.984889,0.0007317693,4.03428783,0.988097,0.0007242627,3.94001839,0.986318,0.0007507466,4.09424863,0.0023302197,0.972110,7.14027032,0.985711,0.0014889967,5.85406141,0.979841,0.0018395092,6.43012453,0.979994,0.0018980128,6.38252589,0.969504,0.0022833205,7.05801141,0.968009,0.0026343878,7.63214447,0.966564,0.0025795576,7.53229727,done
random,26,858,total,0.0000916581,0.983343,1.65650142%,0.0000971408,0.982519,1.71200151,0.0000402452,0.984278,1.11524152,0.989444,0.0000484182,1.27408925,0.984831,0.0000801958,1.53605513,0.986101,0.0000699234,1.43874849,0.980248,0.0001178501,1.90830388,0.982080,0.0000979445,1.73924668,0.981642,0.0001051654,1.78645355,0.989280,0.0000249539,0.94458562,0.984739,0.0000378278,1.07873652,0.986577,0.0000328916,1.03059799,0.982477,0.0000460976,1.16188338,0.984749,0.0000389787,1.11765017,0.983695,0.0000424835,1.14532043,0.0000987770,0.982611,1.72792067,0.988599,0.0000545290,1.33570592,0.984223,0.0000859988,1.60908878,0.985783,0.0000726252,1.47543684,0.980179,0.0001207881,1.92714641,0.982724,0.0000977635,1.74113712,0.981925,0.0001049544,1.77826393,done
random,39,1287,epithermal_only,0.0002263187,0.977437,2.34061620%,0.0001846264,0.981797,2.26470203,0.0000589591,0.985949,1.32784034,0.994300,0.0000491517,1.25345815,0.986484,0.0001288959,1.86952479,0.986505,0.0001283793,1.86660699,0.979810,0.0002113343,2.46653578,0.980192,0.0002051334,2.41832648,0.979865,0.0002096343,2.43566735,0.993785,0.0000232354,0.85463408,0.988531,0.0000462085,1.17301439,0.988294,0.0000478824,1.20903931,0.985144,0.0000627998,1.38154693,0.983975,0.0000683346,1.44263538,0.985157,0.0000632705,1.37423238,0.0001877148,0.981655,2.26636270,0.992372,0.0000692031,1.43961749,0.984443,0.0001528053,2.02953071,0.985893,0.0001346192,1.93276492,0.980754,0.0002030317,2.39870900,0.980497,0.0002053656,2.38288590,0.979708,0.0002104747,2.40119403,done
random,39,1287,fast_only,0.0006012981,0.956335,3.40616596%,0.0005554608,0.960942,3.37881240,0.0000957684,0.979134,1.46004042,0.993656,0.0000722159,1.36934529,0.973410,0.0003527169,2.55580600,0.973347,0.0003495387,2.53466916,0.955906,0.0006490025,3.77022787,0.955654,0.0006411870,3.73140342,0.955964,0.0006423192,3.72998130,0.994189,0.0000193015,0.79906776,0.985246,0.0000634425,1.19908602,0.984073,0.0000680863,1.24101849,0.976307,0.0001105477,1.59836917,0.976655,0.0001076711,1.57326058,0.976556,0.0001088024,1.54933914,0.0005298135,0.961687,3.32898875,0.990854,0.0001133773,1.56930891,0.972390,0.0003698652,2.68121000,0.974309,0.0003267653,2.51226453,0.958227,0.0005955133,3.64762184,0.956835,0.0006126993,3.64834973,0.956136,0.0006113372,3.64528332,done
random,39,1287,keff,0.0000016071,0.593899,0.09047042%,0.0000015361,0.598260,0.08881644,0.0000024259,0.570137,0.10829854,0.414564,0.0000015221,0.08890931,0.522859,0.0000015053,0.08714160,0.563518,0.0000014098,0.08411723,0.549161,0.0000016197,0.09137186,0.550480,0.0000016782,0.09428593,0.597891,0.0000014766,0.08692093,0.196374,0.0000035577,0.13101351,0.431643,0.0000026928,0.11425859,0.477136,0.0000023573,0.10618114,0.507369,0.0000027059,0.11172538,0.523831,0.0000022165,0.10705565,0.558598,0.0000022303,0.10403278,0.0000015362,0.601801,0.08788229,0.398038,0.0000015281,0.08845931,0.518522,0.0000014236,0.08467346,0.560828,0.0000013638,0.08338902,0.561901,0.0000015984,0.08886563,0.566240,0.0000016949,0.09316791,0.599508,0.0000015214,0.08726694,done
random,39,1287,thermal_only,0.0023268673,0.972541,6.49094355%,0.0022512235,0.973943,6.34244244,0.0004873824,0.991218,3.50729422,0.986443,0.0012956932,4.48505117,0.981105,0.0017198371,5.40731156,0.981108,0.0018415661,5.39355598,0.970008,0.0023120463,6.67138328,0.969134,0.0026222315,6.80554047,0.970143,0.0024286170,6.72921138,0.986357,0.0003139860,3.33594185,0.991408,0.0003985377,3.34584675,0.993040,0.0003902042,3.24560572,0.989849,0.0004890568,3.48983205,0.990561,0.0005656054,3.68484717,0.990372,0.0005238910,3.58257352,0.0024184274,0.970638,6.62045292,0.979359,0.0020873510,5.28869449,0.974439,0.0022774861,6.06723371,0.973615,0.0024404737,6.01202324,0.970158,0.0022101187,6.61559817,0.967657,0.0026431837,6.99779110,0.967483,0.0024775161,6.93277363,done
random,39,1287,total,0.0001323056,0.976054,1.74055090%,0.0000951046,0.982957,1.64100685,0.0000447156,0.982495,1.15294110,0.991859,0.0000378969,1.00708869,0.985948,0.0000748640,1.41021179,0.986826,0.0000669616,1.33992094,0.980694,0.0001154392,1.85570756,0.982225,0.0000975466,1.68674514,0.981796,0.0001046115,1.74090751,0.985835,0.0000329228,1.02306367,0.983306,0.0000412350,1.11023793,0.983008,0.0000415165,1.12439669,0.982095,0.0000469492,1.13465234,0.982233,0.0000453407,1.13104102,0.982127,0.0000464956,1.20760782,0.0001071378,0.981340,1.68889952,0.988929,0.0000548871,1.16593041,0.983693,0.0000907253,1.52588820,0.985126,0.0000769045,1.41225669,0.979454,0.0001261406,1.89234082,0.981845,0.0001037224,1.68859944,0.979654,0.0001192613,1.77760490,done
random,52,1716,epithermal_only,0.0002800655,0.972089,2.36860051%,0.0001979778,0.980523,2.21847334,0.0000668885,0.984199,1.49586667,0.990950,0.0000784233,1.37219285,0.984511,0.0001482608,1.84312385,0.984071,0.0001520595,1.86643216,0.978983,0.0002204279,2.40073883,0.978912,0.0002187627,2.37130280,0.979080,0.0002182016,2.36391278,0.993336,0.0000251331,0.96366877,0.987651,0.0000503501,1.31571229,0.987689,0.0000506710,1.32180905,0.981837,0.0000773935,1.62786312,0.981976,0.0000775165,1.62582100,0.983560,0.0000707202,1.52731177,0.0002204539,0.978490,2.26309216,0.988708,0.0001039128,1.46173579,0.981626,0.0001813404,1.95001542,0.982618,0.0001660300,1.87288609,0.977439,0.0002383562,2.42652067,0.977369,0.0002387355,2.40635445,0.976563,0.0002432848,2.41117445,done
random,52,1716,fast_only,0.0005155135,0.962591,3.17825840%,0.0005247622,0.963091,3.21511303,0.0001320413,0.971948,1.63263116,0.994290,0.0000650847,1.36959978,0.975015,0.0003313686,2.39674797,0.974800,0.0003304227,2.41006617,0.958150,0.0006158177,3.60150447,0.957815,0.0006098004,3.59900522,0.958558,0.0006042660,3.52490129,0.992135,0.0000282517,0.97105697,0.980781,0.0000853808,1.35784916,0.978186,0.0000959595,1.40272234,0.968495,0.0001509692,1.76325305,0.967497,0.0001528747,1.79629970,0.968792,0.0001483906,1.70884740,0.0004949236,0.964255,3.17491679,0.992983,0.0000869027,1.54215303,0.975373,0.0003300138,2.50393685,0.974560,0.0003239286,2.45796011,0.959670,0.0005754459,3.50977536,0.959934,0.0005690136,3.51219711,0.959652,0.0005636997,3.43800559,done
random,52,1716,keff,0.0000012491,0.684344,0.08001625%,0.0000012699,0.667884,0.08088601,0.0000011682,0.792999,0.07620495,0.777477,0.0000005786,0.05543258,0.672829,0.0000010322,0.07326150,0.686026,0.0000010141,0.07189191,0.618504,0.0000013706,0.08422483,0.608736,0.0000014608,0.08826136,0.633433,0.0000013461,0.08318959,0.666569,0.0000014761,0.09784842,0.743302,0.0000012162,0.07810822,0.821392,0.0000008052,0.06349706,0.784693,0.0000011826,0.07397955,0.744287,0.0000011903,0.07715722,0.756709,0.0000012293,0.07863944,0.0000013352,0.653889,0.08270163,0.744306,0.0000006491,0.05867062,0.643752,0.0000010534,0.07436023,0.676298,0.0000010052,0.07194058,0.580820,0.0000015294,0.08875151,0.608662,0.0000015291,0.08891730,0.630789,0.0000014026,0.08494553,done
random,52,1716,thermal_only,0.0023868687,0.972084,6.40897693%,0.0022522434,0.974161,6.18814931,0.0005473771,0.990002,3.40937597,0.989814,0.0010084488,4.01572974,0.982656,0.0016100836,5.12826912,0.982727,0.0017111465,5.19328812,0.968964,0.0024122009,6.60061652,0.969447,0.0026096296,6.78572302,0.969572,0.0024916400,6.54907762,0.983199,0.0003293886,2.54820631,0.990748,0.0004139354,2.99135973,0.992027,0.0004365380,3.03939790,0.987777,0.0005827716,3.61299087,0.988916,0.0006548630,3.76998782,0.989340,0.0005755296,3.46169149,0.0023665074,0.971629,6.72311107,0.984685,0.0015907900,5.00994871,0.979728,0.0018423123,5.85939540,0.977785,0.0020971496,6.05871084,0.968632,0.0023533323,6.78446043,0.967200,0.0026926659,7.28499092,0.967069,0.0025393897,7.06410313,done
random,52,1716,total,0.0000810323,0.985322,1.54172455%,0.0000788073,0.985875,1.52060543,0.0000463822,0.981929,1.27357155,0.993427,0.0000306001,0.99972529,0.988580,0.0000607407,1.30315623,0.989216,0.0000547134,1.26408416,0.983827,0.0000967902,1.69697618,0.985001,0.0000823207,1.58821430,0.985008,0.0000861299,1.60001245,0.992086,0.0000184094,0.79043689,0.987000,0.0000322920,1.01886049,0.985938,0.0000344890,1.07967860,0.981340,0.0000492167,1.27355239,0.978572,0.0000548883,1.43006927,0.980229,0.0000517040,1.38512817,0.0000810941,0.985815,1.53529271,0.993064,0.0000341628,1.03939317,0.987624,0.0000682249,1.36550399,0.989128,0.0000560219,1.28372620,0.983664,0.0001000687,1.71446954,0.985396,0.0000831982,1.59053875,0.985064,0.0000871258,1.59999437,done
random,65,2145,epithermal_only,0.0001661790,0.983436,2.08271066%,0.0001760553,0.982644,2.14170304,0.0000714369,0.983196,1.48343823,0.994494,0.0000475191,1.24321760,0.987102,0.0001230628,1.78479963,0.986856,0.0001250852,1.80592530,0.980869,0.0002002998,2.31300391,0.980760,0.0001992679,2.30036258,0.981014,0.0001976922,2.28249034,0.992645,0.0000274363,0.95015782,0.986328,0.0000558193,1.32472355,0.985674,0.0000595601,1.37250060,0.982090,0.0000767503,1.52917647,0.981007,0.0000822138,1.61251750,0.982318,0.0000762232,1.53035361,0.0001787963,0.982512,2.17833213,0.993690,0.0000574048,1.33038719,0.985452,0.0001425525,1.93148714,0.986397,0.0001297432,1.85255438,0.981561,0.0001944306,2.27243579,0.981319,0.0001965620,2.32071357,0.980642,0.0002006779,2.32185912,done
random,65,2145,fast_only,0.0004782392,0.965345,3.16729499%,0.0005089952,0.964233,3.26994198,0.0000974327,0.978832,1.53574425,0.993663,0.0000720689,1.48883685,0.975334,0.0003272012,2.50612313,0.974792,0.0003305444,2.52900870,0.959784,0.0005924536,3.63184266,0.959144,0.0005911540,3.62215800,0.960092,0.0005826787,3.56289311,0.991693,0.0000298631,0.89592584,0.984466,0.0000676138,1.27309817,0.983962,0.0000702739,1.27181465,0.974583,0.0001175690,1.71439510,0.976706,0.0001075274,1.65976995,0.977041,0.0001069406,1.61324941,0.0004772380,0.965552,3.20625673,0.991137,0.0001097211,1.75230124,0.975523,0.0003284453,2.61498787,0.974743,0.0003216528,2.59210984,0.961956,0.0005429985,3.47414056,0.961596,0.0005460444,3.52366980,0.961204,0.0005421412,3.43697635,done
random,65,2145,keff,0.0000010223,0.741670,0.07015701%,0.0000010282,0.731085,0.07047270,0.0000010974,0.805540,0.07320460,0.788282,0.0000005505,0.05343322,0.751116,0.0000007852,0.06174857,0.731552,0.0000008671,0.06491825,0.696352,0.0000010909,0.07258774,0.670426,0.0000012304,0.07851153,0.708555,0.0000010702,0.07157525,0.600968,0.0000017665,0.10221286,0.763002,0.0000011229,0.07198500,0.693035,0.0000013839,0.08116691,0.775017,0.0000012358,0.07645161,0.809928,0.0000008848,0.06960658,0.807060,0.0000009749,0.06871519,0.0000010793,0.720225,0.07232214,0.747506,0.0000006410,0.05826623,0.745174,0.0000007535,0.06073421,0.731030,0.0000008352,0.06383351,0.666030,0.0000012185,0.07661258,0.673229,0.0000012768,0.07981935,0.700532,0.0000011376,0.07429571,done
random,65,2145,thermal_only,0.0017653784,0.979391,5.87431422%,0.0018863577,0.978364,6.10210475,0.0005450076,0.990179,3.32035920,0.992267,0.0007549493,4.17163063,0.985624,0.0013337727,5.17141037,0.985702,0.0014144239,5.25390152,0.973816,0.0020359507,6.43372986,0.974738,0.0021585959,6.58498711,0.974232,0.0021112323,6.44868973,0.977820,0.0004154927,3.39694439,0.989385,0.0004873559,3.37023619,0.991885,0.0004538129,3.19589059,0.987340,0.0006048301,3.32216259,0.989763,0.0006142967,3.46941466,0.990158,0.0005408601,3.26341156,0.0020229979,0.975758,6.45150308,0.989991,0.0010295336,4.73413033,0.981680,0.0016718847,5.78827712,0.981412,0.0017530996,5.85872133,0.972978,0.0020189973,6.48449923,0.972239,0.0022842147,6.92394377,0.971684,0.0021844557,6.76104062,done
random,65,2145,total,0.0000770112,0.986027,1.50766849%,0.0000756402,0.986409,1.50089713,0.0000440935,0.982794,1.19284754,0.994570,0.0000250758,0.93267970,0.989390,0.0000561921,1.26160856,0.990029,0.0000503121,1.21355969,0.984188,0.0000944393,1.70055869,0.985316,0.0000804048,1.58888855,0.985531,0.0000829974,1.57996410,0.991048,0.0000208207,0.86339610,0.985005,0.0000371415,1.12162946,0.985119,0.0000364582,1.11133199,0.981095,0.0000497463,1.27744942,0.981251,0.0000479825,1.24820180,0.982339,0.0000461244,1.20123496,0.0000777335,0.986381,1.51200971,0.994088,0.0000291701,0.96486170,0.988299,0.0000642264,1.33674851,0.989966,0.0000515201,1.23034239,0.984693,0.0000935973,1.66730699,0.986026,0.0000794515,1.58307958,0.985210,0.0000862430,1.59688180,done
random,78,2574,epithermal_only,0.0001931012,0.980752,2.14590247%,0.0001839152,0.981880,2.13309025,0.0000534417,0.987225,1.20394402,0.995539,0.0000383454,1.09150233,0.987042,0.0001236365,1.68971992,0.987091,0.0001228626,1.69100393,0.979496,0.0002147953,2.36502167,0.980213,0.0002050652,2.31832577,0.979800,0.0002104747,2.30645798,0.995797,0.0000152368,0.71799304,0.990543,0.0000379873,1.01801681,0.990552,0.0000386493,1.00679113,0.986029,0.0000587741,1.28653199,0.986182,0.0000589283,1.29001429,0.985564,0.0000612982,1.28780420,0.0001793223,0.982470,2.13608236,0.993847,0.0000558380,1.29112380,0.986429,0.0001331490,1.80047925,0.986928,0.0001247136,1.75194460,0.980329,0.0002074957,2.30574456,0.981462,0.0001950756,2.29944949,0.980592,0.0002012772,2.28012691,done
random,78,2574,fast_only,0.0005134188,0.962748,3.15853258%,0.0005592743,0.960661,3.33466919,0.0000937187,0.979428,1.49411388,0.993085,0.0000788213,1.54297468,0.973305,0.0003539595,2.53927131,0.973187,0.0003514500,2.53862361,0.955700,0.0006518671,3.71266201,0.955333,0.0006455654,3.68876127,0.955591,0.0006475831,3.64841575,0.988760,0.0000377159,1.02280172,0.984043,0.0000675527,1.26074229,0.982955,0.0000717303,1.32136303,0.976647,0.0001081215,1.62152875,0.978065,0.0001008359,1.56650339,0.977600,0.0001036771,1.56886185,0.0004931475,0.964384,3.14430419,0.991448,0.0001056813,1.72876199,0.974935,0.0003361445,2.53950304,0.975559,0.0003112189,2.42617565,0.959656,0.0005754259,3.46217630,0.959940,0.0005694569,3.46516814,0.959949,0.0005592261,3.38426389,done
random,78,2574,keff,0.0000008035,0.796955,0.06411660%,0.0000007971,0.791539,0.06359900,0.0000008906,0.842196,0.06960040,0.784189,0.0000005611,0.05457013,0.782003,0.0000006878,0.05827706,0.787852,0.0000006852,0.05915635,0.763075,0.0000008512,0.06622626,0.750783,0.0000009304,0.06895670,0.783055,0.0000007967,0.06361378,0.668619,0.0000014670,0.08539262,0.811526,0.0000008930,0.06676827,0.824243,0.0000007924,0.06568090,0.827940,0.0000009451,0.07206515,0.796283,0.0000009483,0.07355863,0.838039,0.0000008184,0.06732343,0.0000008299,0.784873,0.06462602,0.753221,0.0000006265,0.05746929,0.773849,0.0000006687,0.05821832,0.778278,0.0000006885,0.05914968,0.752740,0.0000009021,0.06728339,0.745636,0.0000009939,0.07103783,0.781584,0.0000008297,0.06465115,done
random,78,2574,thermal_only,0.0019933985,0.976626,5.75728847%,0.0021209460,0.975583,5.93637072,0.0003243102,0.994345,2.63475842,0.992188,0.0007614739,3.75790410,0.984097,0.0014687314,4.91410939,0.984034,0.0015744235,5.04781180,0.970833,0.0022580102,6.25996740,0.971105,0.0024618830,6.49621191,0.970657,0.0023948138,6.31313076,0.987492,0.0002360832,2.59041674,0.995714,0.0002094610,2.04087522,0.995954,0.0002339931,2.36370967,0.992829,0.0003576377,2.81311797,0.993650,0.0003914695,2.94959332,0.993790,0.0003498077,2.68016699,0.0021388167,0.974367,6.33400509,0.988815,0.0011634744,4.77021299,0.981584,0.0016799859,5.60461453,0.980344,0.0018531923,5.72459244,0.970358,0.0022193633,6.45209224,0.971196,0.0023697493,6.71852771,0.969986,0.0023127757,6.65971403,done
random,78,2574,total,0.0000759897,0.986246,1.46092372%,0.0000808833,0.985521,1.51744275,0.0000333615,0.987004,0.96423221,0.995448,0.0000209377,0.82430774,0.989054,0.0000581611,1.23582970,0.990272,0.0000492478,1.16592811,0.982799,0.0001031214,1.75256841,0.984733,0.0000839775,1.59937434,0.984132,0.0000913319,1.62771794,0.995426,0.0000106251,0.55746843,0.990263,0.0000242056,0.79031125,0.989863,0.0000248705,0.79765910,0.985338,0.0000386637,1.07111152,0.985946,0.0000359916,1.03764151,0.985787,0.0000371723,1.02148292,0.0000740030,0.987023,1.46231472,0.994760,0.0000252091,0.89545643,0.989601,0.0000569603,1.24984702,0.991029,0.0000460449,1.16145382,0.984444,0.0000951195,1.66930365,0.986955,0.0000740208,1.51764797,0.985841,0.0000825157,1.54965724,done
random,91,3003,epithermal_only,0.0001627653,0.983776,2.05614138%,0.0001683007,0.983412,2.10222114,0.0000551852,0.987324,1.16131625,0.994853,0.0000441856,1.17716472,0.988281,0.0001117368,1.67343642,0.988083,0.0001133629,1.68987136,0.981235,0.0001965112,2.32736550,0.981616,0.0001904827,2.28491763,0.981699,0.0001906146,2.25576693,0.993913,0.0000233935,0.86264868,0.989826,0.0000424434,1.02975353,0.990127,0.0000416143,1.01242182,0.986097,0.0000611219,1.21743252,0.986067,0.0000616129,1.22527465,0.986360,0.0000604231,1.21965359,0.0001601077,0.984341,2.04080464,0.994894,0.0000463507,1.18455914,0.987586,0.0001216550,1.74097240,0.988393,0.0001106917,1.67295617,0.983156,0.0001775773,2.18275805,0.982920,0.0001797579,2.20641801,0.982605,0.0001803484,2.18117075,done
random,91,3003,fast_only,0.0004666187,0.966169,3.01049554%,0.0005025529,0.964665,3.15841459,0.0000977746,0.980172,1.26054078,0.994776,0.0000596355,1.30028533,0.976574,0.0003107367,2.32915138,0.976049,0.0003140976,2.34476409,0.960006,0.0005886770,3.55182320,0.959213,0.0005897892,3.53806869,0.960273,0.0005795395,3.47436524,0.991718,0.0000318658,0.93808569,0.986643,0.0000626760,1.02858528,0.984711,0.0000705094,1.09343195,0.977808,0.0001112576,1.37210501,0.978091,0.0001086022,1.29163644,0.977489,0.0001118997,1.34910355,0.0004451327,0.967874,2.97713343,0.994884,0.0000632339,1.35569143,0.978221,0.0002922723,2.32750324,0.978033,0.0002799323,2.24726159,0.964246,0.0005104734,3.30485718,0.963647,0.0005165458,3.29467339,0.963181,0.0005147059,3.24990169,done
random,91,3003,keff,0.0000007047,0.821927,0.05884729%,0.0000007262,0.810073,0.05988885,0.0000005465,0.903167,0.05148671,0.834303,0.0000004308,0.04601918,0.810624,0.0000005975,0.05323020,0.821752,0.0000005757,0.05221837,0.767724,0.0000008345,0.06460319,0.764610,0.0000008788,0.06742815,0.805730,0.0000007134,0.05969421,0.796660,0.0000009002,0.06922116,0.897216,0.0000004870,0.04420137,0.916627,0.0000003759,0.04079194,0.884042,0.0000006369,0.05320698,0.864585,0.0000006303,0.06133513,0.899749,0.0000005066,0.05021787,0.0000007769,0.798623,0.06250781,0.805534,0.0000004937,0.05066111,0.798593,0.0000005955,0.05442102,0.807863,0.0000005967,0.05441036,0.748738,0.0000009167,0.06851330,0.763048,0.0000009259,0.06903547,0.795551,0.0000007767,0.06262646,done
random,91,3003,thermal_only,0.0018304042,0.978620,5.80593092%,0.0019393784,0.977740,5.98135013,0.0004904423,0.991518,3.12046328,0.992492,0.0007392251,4.15133905,0.985764,0.0013218649,5.00857592,0.985100,0.0014752408,5.14277760,0.973348,0.0020682906,6.32708084,0.972868,0.0023162542,6.45682360,0.973774,0.0021470475,6.32703120,0.988102,0.0002418721,2.94076590,0.993081,0.0003477650,2.73437584,0.994366,0.0003271867,2.83683055,0.987899,0.0006061033,3.24728597,0.991303,0.0005327987,3.33291536,0.990626,0.0005341253,3.18904074,0.0020616373,0.975246,6.46146862,0.988433,0.0011929868,5.08207391,0.981151,0.0017157027,5.83569422,0.981098,0.0017799469,5.77664274,0.971870,0.0020980187,6.58196949,0.972889,0.0022261268,6.68198843,0.970871,0.0022430366,6.84315398,done
random,91,3003,total,0.0000694403,0.987418,1.42170750%,0.0000737924,0.986776,1.47863542,0.0000311985,0.987922,0.90574888,0.994442,0.0000254525,0.91181363,0.989722,0.0000545244,1.23015984,0.990568,0.0000476748,1.17942411,0.984348,0.0000937017,1.69810554,0.986116,0.0000763387,1.54091352,0.985788,0.0000817214,1.56755876,0.996279,0.0000086836,0.56551046,0.991026,0.0000223965,0.75814888,0.990945,0.0000222884,0.76746456,0.986652,0.0000355036,0.97588291,0.986720,0.0000342151,0.96836099,0.986589,0.0000353179,0.96302378,0.0000700702,0.987716,1.42763341,0.994506,0.0000265555,0.89911788,0.989570,0.0000571409,1.24729329,0.990831,0.0000470935,1.16807822,0.985709,0.0000873926,1.60963731,0.987475,0.0000711559,1.47902532,0.986878,0.0000764730,1.50175559,done
random,104,3432,epithermal_only,0.0001591774,0.984133,1.97102662%,0.0001590523,0.984315,1.99139430,0.0000435412,0.989785,1.04562260,0.996396,0.0000309874,0.98248936,0.989086,0.0001039879,1.55068307,0.988990,0.0001046507,1.55527090,0.982143,0.0001869252,2.22715496,0.982573,0.0001804668,2.18329697,0.982559,0.0001815694,2.15391627,0.998079,0.0000072033,0.51559088,0.992706,0.0000297805,0.82815486,0.992802,0.0000299432,0.82870351,0.988315,0.0000500669,1.15066593,0.988257,0.0000509797,1.15714195,0.988755,0.0000487068,1.12630617,0.0001581529,0.984529,1.97673346,0.995200,0.0000435290,1.11746820,0.988229,0.0001153122,1.63347573,0.989142,0.0001034826,1.57533236,0.982987,0.0001793496,2.14252240,0.982970,0.0001791486,2.15509185,0.982720,0.0001791438,2.12472117,done
random,104,3432,fast_only,0.0004543743,0.967082,2.99419101%,0.0004938436,0.965299,3.15863099,0.0000880846,0.980657,1.36849223,0.995031,0.0000566120,1.27041121,0.976276,0.0003149011,2.37582824,0.976032,0.0003144574,2.36817690,0.960961,0.0005750711,3.53006247,0.960361,0.0005734464,3.52822057,0.961002,0.0005693074,3.46989104,0.993421,0.0000207298,0.77261122,0.985388,0.0000616293,1.16422122,0.984797,0.0000636052,1.18821984,0.978011,0.0001022212,1.50406456,0.978818,0.0000970788,1.47348292,0.978573,0.0000991104,1.42604860,0.0004426534,0.968058,2.99921589,0.993689,0.0000780806,1.42354767,0.977992,0.0002953446,2.34859361,0.979044,0.0002674923,2.23805344,0.963734,0.0005179166,3.31821755,0.963508,0.0005188364,3.35798994,0.963872,0.0005049015,3.26266197,done
random,104,3432,keff,0.0000007144,0.819465,0.05906824%,0.0000007149,0.813025,0.05954947,0.0000007708,0.863426,0.05678795,0.826740,0.0000004505,0.04873261,0.796699,0.0000006414,0.05586574,0.838921,0.0000005203,0.05064988,0.744734,0.0000009171,0.06800561,0.770457,0.0000008570,0.06645562,0.821855,0.0000006542,0.05696417,0.674538,0.0000014408,0.09091888,0.813038,0.0000008858,0.06308474,0.849448,0.0000006787,0.05579994,0.813174,0.0000010262,0.06460830,0.856367,0.0000006686,0.05669443,0.875196,0.0000006306,0.04831070,0.0000007370,0.808965,0.06027670,0.806126,0.0000004922,0.05089525,0.787013,0.0000006298,0.05594157,0.828990,0.0000005310,0.05090535,0.747407,0.0000009216,0.06820021,0.771212,0.0000008940,0.06715487,0.818090,0.0000006910,0.05822906,done
random,104,3432,thermal_only,0.0018536946,0.978327,5.89176718%,0.0019238840,0.977913,6.00085375,0.0004264448,0.992424,2.99643422,0.991406,0.0008441967,4.13640908,0.985247,0.0013657207,5.10220897,0.984986,0.0014830373,5.11061929,0.973914,0.0020271072,6.32505574,0.973339,0.0022763958,6.45417982,0.974118,0.0021189938,6.36375318,0.982807,0.0003588131,3.14252596,0.991620,0.0003870611,3.05559790,0.993527,0.0003644119,2.83016990,0.990969,0.0004418140,2.99293763,0.991801,0.0004953869,3.20103880,0.992424,0.0004237306,2.91940613,0.0019327459,0.976797,6.30705042,0.988185,0.0012219163,4.73296436,0.982963,0.0015505936,5.65590230,0.981342,0.0017552992,5.62774964,0.974408,0.0019133801,6.42203361,0.972967,0.0022212371,6.67821815,0.973437,0.0020441474,6.63906467,done
random,104,3432,total,0.0000688747,0.987520,1.39557897%,0.0000724171,0.987018,1.43807987,0.0000299102,0.988338,0.90171887,0.995222,0.0000219298,0.83981269,0.990046,0.0000527935,1.19694552,0.990914,0.0000459349,1.13843828,0.984755,0.0000912326,1.64100641,0.986083,0.0000764741,1.51321896,0.985987,0.0000805566,1.52916131,0.996360,0.0000085374,0.53593066,0.991303,0.0000215793,0.75352488,0.991038,0.0000219909,0.76646683,0.986838,0.0000346799,0.98540142,0.987051,0.0000331527,0.97389612,0.987326,0.0000331018,0.94875332,0.0000708773,0.987573,1.41163127,0.994305,0.0000277007,0.90546207,0.989425,0.0000579525,1.23007009,0.991259,0.0000448028,1.13222103,0.985340,0.0000895643,1.59731154,0.987689,0.0000699406,1.44371788,0.986517,0.0000786120,1.49872495,done
random,117,3861,epithermal_only,0.0001684058,0.983213,2.08959156%,0.0001733065,0.982920,2.13424677,0.0000428470,0.989838,1.06694672,0.994775,0.0000449987,1.15125558,0.987104,0.0001229862,1.74431623,0.987479,0.0001191392,1.72221702,0.980730,0.0002018040,2.35553000,0.981379,0.0001929446,2.29903096,0.981300,0.0001947603,2.29044910,0.996376,0.0000135503,0.63443111,0.992110,0.0000319186,0.91655429,0.992555,0.0000305737,0.86726701,0.988794,0.0000475471,1.16191350,0.988524,0.0000491495,1.16318680,0.988920,0.0000475210,1.12407696,0.0001596276,0.984380,2.07419595,0.994105,0.0000532188,1.28598815,0.987392,0.0001233903,1.77680728,0.988694,0.0001077808,1.67327093,0.983057,0.0001785253,2.24904630,0.983382,0.0001748201,2.22195222,0.982552,0.0001808404,2.21156462,done
random,117,3861,fast_only,0.0004596406,0.966675,2.99152085%,0.0005002506,0.964828,3.16137655,0.0000827153,0.982409,1.33646231,0.994885,0.0000581642,1.30113205,0.976006,0.0003182870,2.39563807,0.975657,0.0003192188,2.39484934,0.960745,0.0005778761,3.50969511,0.959560,0.0005846988,3.54071091,0.960448,0.0005770528,3.46332569,0.994942,0.0000172210,0.81359243,0.987864,0.0000536626,1.08552859,0.986735,0.0000581275,1.11892422,0.980638,0.0000931934,1.44020730,0.979319,0.0000969113,1.48083413,0.980299,0.0000937164,1.41213366,0.0004349299,0.968632,2.96707777,0.994263,0.0000707696,1.46643853,0.977921,0.0002964967,2.35164711,0.979183,0.0002656987,2.22638094,0.964642,0.0005050395,3.29446720,0.964867,0.0004998088,3.27315849,0.964219,0.0005004373,3.22785117,done
random,117,3861,keff,0.0000006640,0.832199,0.05729472%,0.0000006471,0.830757,0.05681962,0.0000008764,0.844706,0.06309274,0.816857,0.0000004762,0.04883366,0.827334,0.0000005448,0.05128767,0.827902,0.0000005559,0.05132923,0.788407,0.0000007602,0.06203586,0.803651,0.0000007331,0.06156170,0.829431,0.0000006264,0.05618008,0.483180,0.0000022880,0.11522747,0.727892,0.0000012892,0.07956369,0.770104,0.0000010365,0.07065898,0.826110,0.0000009551,0.06363036,0.866753,0.0000006202,0.05724669,0.870065,0.0000006565,0.05338999,0.0000007109,0.815737,0.05934570,0.779924,0.0000005587,0.05319486,0.803220,0.0000005818,0.05309945,0.814783,0.0000005752,0.05292406,0.772760,0.0000008291,0.06417449,0.790001,0.0000008206,0.06497287,0.816297,0.0000006978,0.05885460,done
random,117,3861,thermal_only,0.0017731001,0.979201,5.51393736%,0.0019131727,0.977964,5.73789562,0.0004080744,0.992747,3.06642716,0.991467,0.0008078629,3.56081746,0.985211,0.0013588123,4.71252958,0.985331,0.0014402713,4.74731231,0.973649,0.0020407552,6.04232316,0.973584,0.0022512746,6.43664057,0.974107,0.0021148603,6.08971568,0.986290,0.0002796246,2.89647174,0.992608,0.0003442204,2.86766759,0.994487,0.0003133816,2.66446218,0.991477,0.0004180817,3.07876793,0.991782,0.0004964576,3.55053203,0.992382,0.0004224321,3.03260882,0.0018689013,0.977535,6.04305694,0.989629,0.0010538929,4.25801332,0.982320,0.0015999259,5.30890488,0.983281,0.0015724455,5.26773052,0.975344,0.0018416042,6.07877656,0.974210,0.0021202138,6.65282709,0.973790,0.0020135121,6.37271612,done
random,117,3861,total,0.0000672237,0.987837,1.37330505%,0.0000698780,0.987496,1.40559285,0.0000267899,0.989538,0.83635587,0.995967,0.0000186355,0.76836445,0.990394,0.0000510203,1.14718504,0.991451,0.0000433098,1.08871057,0.985066,0.0000895209,1.61987779,0.986669,0.0000734254,1.49199826,0.986504,0.0000776951,1.50011340,0.997321,0.0000062478,0.45735553,0.992540,0.0000184982,0.68069582,0.992405,0.0000186149,0.69135990,0.988565,0.0000300444,0.91315376,0.988049,0.0000305613,0.89987519,0.988319,0.0000304778,0.89799930,0.0000662492,0.988377,1.38724070,0.995172,0.0000235048,0.88950666,0.990448,0.0000522602,1.18213588,0.991773,0.0000421929,1.10440499,0.986431,0.0000828710,1.57501040,0.988318,0.0000663451,1.43643596,0.987270,0.0000741459,1.47301979,done
random,130,4290,epithermal_only,0.0001470787,0.985337,1.94608664%,0.0001451209,0.985678,1.94406059,0.0000494538,0.988206,1.23195154,0.996241,0.0000323184,1.00558640,0.989748,0.0000976093,1.53921344,0.989623,0.0000985750,1.54943423,0.983835,0.0001690801,2.16003082,0.984143,0.0001640930,2.11597177,0.984195,0.0001644079,2.09481725,0.992698,0.0000267207,0.87959139,0.989830,0.0000406595,1.12677674,0.990025,0.0000406579,1.13618904,0.987509,0.0000526645,1.28360872,0.987281,0.0000544016,1.28512195,0.987562,0.0000531325,1.27588019,0.0001465511,0.985663,1.93138840,0.995702,0.0000392541,1.09230617,0.988713,0.0001106230,1.62392271,0.989789,0.0000973430,1.54502036,0.984430,0.0001640755,2.08723828,0.984117,0.0001671411,2.12085628,0.984097,0.0001648436,2.06016174,done
random,130,4290,fast_only,0.0004215836,0.969477,2.81451275%,0.0004563114,0.967948,2.94999622,0.0000847260,0.981697,1.34120614,0.995717,0.0000487657,1.16122572,0.978523,0.0002851171,2.17026613,0.978130,0.0002870244,2.18322125,0.963966,0.0005310024,3.30804730,0.963090,0.0005342407,3.32618952,0.963884,0.0005274570,3.24743994,0.992529,0.0000251270,0.84820456,0.986118,0.0000599458,1.16229430,0.984580,0.0000656559,1.25506881,0.979845,0.0000953130,1.40511183,0.979098,0.0000965182,1.43979261,0.980251,0.0000931198,1.38939324,0.0004299951,0.968976,2.89695188,0.995496,0.0000557117,1.28382717,0.978354,0.0002905114,2.23646710,0.979037,0.0002674738,2.14798682,0.965137,0.0004979797,3.23128506,0.964669,0.0005024785,3.26976823,0.964820,0.0004917225,3.14806444,done
random,130,4290,keff,0.0000005710,0.855717,0.05353726%,0.0000005621,0.852995,0.05323224,0.0000006425,0.886151,0.05474347,0.871362,0.0000003345,0.04155604,0.856584,0.0000004525,0.04724478,0.869753,0.0000004207,0.04590353,0.810514,0.0000006808,0.05874737,0.823783,0.0000006579,0.05842494,0.848195,0.0000005575,0.05329005,0.691328,0.0000013665,0.08771287,0.841500,0.0000007510,0.05708394,0.847229,0.0000006888,0.05879170,0.867561,0.0000007274,0.05616231,0.897447,0.0000004774,0.05001982,0.887050,0.0000005707,0.05151887,0.0000006004,0.844381,0.05506907,0.854445,0.0000003695,0.04403284,0.847502,0.0000004509,0.04743959,0.855756,0.0000004479,0.04756981,0.800860,0.0000007266,0.06120501,0.816328,0.0000007177,0.06053916,0.842449,0.0000005985,0.05523169,done
random,130,4290,thermal_only,0.0017513110,0.979636,5.09952851%,0.0018714243,0.978611,5.28414615,0.0003546788,0.993827,2.47130542,0.995936,0.0003890075,2.69961673,0.986981,0.0012166559,4.14196335,0.986845,0.0013081854,4.21554066,0.973769,0.0020464306,5.71742621,0.973941,0.0022320897,5.84529202,0.974036,0.0021331256,5.73924006,0.992861,0.0001603000,1.77449573,0.994238,0.0002777463,2.24922338,0.995188,0.0002814107,2.20009792,0.992506,0.0003732886,2.61045306,0.993463,0.0004050945,2.57959119,0.993125,0.0003864311,2.57008605,0.0018932616,0.977355,5.71081361,0.991973,0.0008169081,3.55877560,0.983588,0.0015023290,4.94733834,0.984662,0.0014523032,4.74891542,0.973420,0.0019910242,5.90533625,0.972889,0.0022374987,6.28376369,0.973555,0.0020395509,6.08213012,done
random,130,4290,total,0.0000624947,0.988648,1.35246228%,0.0000614646,0.988938,1.33547030,0.0000478375,0.981289,1.23626326,0.996619,0.0000154680,0.69422886,0.991585,0.0000444247,1.08376948,0.992493,0.0000377823,1.02499349,0.986934,0.0000779315,1.53346654,0.988059,0.0000653653,1.42330119,0.988005,0.0000686880,1.43338605,0.985797,0.0000330337,1.06329841,0.982717,0.0000427393,1.17469118,0.983838,0.0000395661,1.14924985,0.979967,0.0000525020,1.28856553,0.980254,0.0000504448,1.27925741,0.980844,0.0000498917,1.25255729,0.0000626110,0.989019,1.32755014,0.996371,0.0000176240,0.75066742,0.991089,0.0000488327,1.13346100,0.992828,0.0000367752,1.01882179,0.987110,0.0000787930,1.49875087,0.988540,0.0000650671,1.40207689,0.987941,0.0000702580,1.42052444,done
random,143,4719,epithermal_only,0.0001339201,0.986650,1.86323626%,0.0001428289,0.985918,1.93186933,0.0000480216,0.988631,1.14556657,0.996558,0.0000296287,0.94763494,0.989928,0.0000960154,1.52254929,0.989774,0.0000972466,1.52879105,0.984162,0.0001658248,2.14380206,0.984351,0.0001621067,2.11756755,0.984448,0.0001619240,2.08587283,0.997056,0.0000110348,0.62973157,0.991608,0.0000340201,0.96279725,0.991026,0.0000369102,1.01025163,0.987998,0.0000510837,1.20282060,0.986894,0.0000564389,1.21913444,0.987458,0.0000537349,1.22916994,0.0001420322,0.986098,1.90569408,0.995976,0.0000364584,1.08406083,0.989122,0.0001063979,1.59089928,0.989639,0.0000987218,1.57425070,0.985041,0.0001576002,2.06194974,0.984989,0.0001578775,2.05674671,0.984420,0.0001614672,2.03614809,done
random,143,4719,fast_only,0.0004404582,0.968067,2.89786910%,0.0004794186,0.966293,3.06439952,0.0000830459,0.982262,1.28849620,0.995282,0.0000536779,1.27716588,0.977005,0.0003049616,2.27771535,0.976652,0.0003061097,2.28158746,0.962037,0.0005588786,3.43799065,0.961385,0.0005583984,3.44382191,0.962195,0.0005515991,3.35999432,0.992868,0.0000251710,0.90799471,0.988162,0.0000525039,1.02279392,0.987133,0.0000566951,1.04418834,0.979323,0.0000978006,1.43097446,0.979955,0.0000941321,1.39387660,0.980170,0.0000939127,1.36627870,0.0004236078,0.969437,2.91825325,0.994702,0.0000655119,1.35154368,0.978573,0.0002875699,2.27703196,0.979900,0.0002562862,2.17076927,0.966099,0.0004841349,3.24304297,0.965128,0.0004959372,3.26517731,0.965078,0.0004882392,3.17628815,done
random,143,4719,keff,0.0000005037,0.872718,0.05069419%,0.0000005022,0.868665,0.05056042,0.0000005188,0.908071,0.05151619,0.874984,0.0000003250,0.04129194,0.872501,0.0000004023,0.04462108,0.881800,0.0000003818,0.04404905,0.838432,0.0000005805,0.05449546,0.830336,0.0000006334,0.05796327,0.867773,0.0000004856,0.04981410,0.808523,0.0000008477,0.06659364,0.885663,0.0000005417,0.05177746,0.899992,0.0000004509,0.04986858,0.882733,0.0000006441,0.05827359,0.898175,0.0000004740,0.04990892,0.907742,0.0000004662,0.04814679,0.0000005715,0.851862,0.05364764,0.836987,0.0000004138,0.04685173,0.854506,0.0000004302,0.04660676,0.860623,0.0000004328,0.04638099,0.805745,0.0000007087,0.05902893,0.823022,0.0000006915,0.06025812,0.855388,0.0000005494,0.05298913,done
random,143,4719,thermal_only,0.0017506362,0.979580,5.13978524%,0.0018774192,0.978483,5.32819200,0.0003587322,0.993732,2.60387583,0.994559,0.0005233830,3.01672617,0.986671,0.0012394153,4.25830185,0.986416,0.0013470326,4.35570537,0.973854,0.0020337427,5.75361320,0.973684,0.0022492399,5.92531318,0.974189,0.0021156471,5.69033523,0.991959,0.0001628350,2.09494486,0.994458,0.0002691035,2.40104538,0.995378,0.0002679293,2.32695771,0.991541,0.0004194426,2.82869859,0.992553,0.0004526484,2.90661893,0.993677,0.0003578874,2.54242000,0.0018438606,0.977977,5.60706239,0.993673,0.0006439015,3.27340935,0.984174,0.0014520838,4.77320610,0.985368,0.0013920393,4.60142023,0.974559,0.0019070277,5.85061335,0.974553,0.0020982853,6.07025538,0.973261,0.0020665906,6.06196947,done
random,143,4719,total,0.0000601723,0.989102,1.31174081%,0.0000626578,0.988776,1.34523457,0.0000300039,0.988301,0.89354274,0.996382,0.0000166127,0.72394308,0.991188,0.0000467354,1.10544840,0.992245,0.0000392220,1.04466337,0.986635,0.0000800356,1.55788665,0.988079,0.0000656094,1.42753690,0.987925,0.0000694497,1.42965078,0.995981,0.0000093579,0.56740223,0.991375,0.0000214101,0.75255492,0.991276,0.0000213829,0.77840473,0.986931,0.0000344720,0.94495819,0.986788,0.0000337966,0.94701183,0.987241,0.0000333322,0.95365412,0.0000618739,0.989139,1.33087385,0.995821,0.0000205102,0.81769763,0.990942,0.0000495496,1.13530364,0.992286,0.0000395340,1.07016557,0.987255,0.0000778522,1.51900441,0.989023,0.0000623331,1.37906168,0.988199,0.0000686684,1.40771332,done
random,156,5148,epithermal_only,0.0001386839,0.986175,1.82473435%,0.0001484002,0.985374,1.90401286,0.0000475854,0.988754,1.03684435,0.996681,0.0000285398,0.94932893,0.989857,0.0000967635,1.48049544,0.989948,0.0000956380,1.47142779,0.983260,0.0001753133,2.13986154,0.983626,0.0001696572,2.09500150,0.983764,0.0001691033,2.05551869,0.997944,0.0000076328,0.50418410,0.992394,0.0000308880,0.78944758,0.992509,0.0000309738,0.79582200,0.987420,0.0000535620,1.14090806,0.987312,0.0000545718,1.13725926,0.987087,0.0000555364,1.14179977,0.0001543609,0.984892,1.92260468,0.995379,0.0000414203,1.10190974,0.988263,0.0001148172,1.58471899,0.989204,0.0001028540,1.53536804,0.983299,0.0001759429,2.11217582,0.983638,0.0001720688,2.09701315,0.983163,0.0001745090,2.05093928,done
random,156,5148,fast_only,0.0004280688,0.968989,2.76717537%,0.0004665546,0.967213,2.94248254,0.0000809193,0.983398,1.15043385,0.996053,0.0000450211,1.18161194,0.978633,0.0002835712,2.14048988,0.977949,0.0002892938,2.17510822,0.963059,0.0005440998,3.30447996,0.961983,0.0005500277,3.32330585,0.962917,0.0005412546,3.24093372,0.994234,0.0000197232,0.78413991,0.988371,0.0000537454,0.94823620,0.987824,0.0000550687,0.96783913,0.981152,0.0000938457,1.24355525,0.981038,0.0000918970,1.26086027,0.981470,0.0000917417,1.20744856,0.0004450034,0.967911,2.88451432,0.995723,0.0000525467,1.23072708,0.978460,0.0002893031,2.18333220,0.977744,0.0002842938,2.19176675,0.963526,0.0005213588,3.22656881,0.963735,0.0005160446,3.22993504,0.963553,0.0005095877,3.14369038,done
random,156,5148,keff,0.0000005919,0.850423,0.05417599%,0.0000006031,0.842273,0.05502010,0.0000005309,0.905925,0.04821723,0.884234,0.0000003010,0.03815309,0.843650,0.0000004933,0.04905378,0.858584,0.0000004568,0.04723940,0.796505,0.0000007311,0.06129291,0.802913,0.0000007358,0.06200986,0.841175,0.0000005832,0.05437673,0.765344,0.0000010388,0.08069283,0.880147,0.0000005679,0.05036731,0.900741,0.0000004475,0.04597665,0.887634,0.0000006172,0.04850651,0.891991,0.0000005028,0.04964994,0.905989,0.0000004750,0.04468012,0.0000006467,0.832365,0.05700049,0.861252,0.0000003522,0.04261267,0.826159,0.0000005140,0.05124925,0.840691,0.0000004947,0.04966861,0.784403,0.0000007866,0.06358872,0.796130,0.0000007966,0.06374722,0.836440,0.0000006213,0.05589698,done
random,156,5148,thermal_only,0.0018725400,0.978210,5.44781854%,0.0019993695,0.977132,5.63755899,0.0003827987,0.993349,2.55544804,0.995783,0.0004187461,3.09680051,0.986197,0.0012908344,4.48414163,0.986134,0.0013806747,4.62911770,0.971751,0.0022003886,6.00943534,0.972413,0.0023605824,6.25288718,0.972070,0.0022923822,6.07630614,0.986751,0.0002679380,2.48954857,0.994290,0.0002747849,2.37026716,0.995420,0.0002701874,2.29298785,0.991709,0.0004147370,2.64992925,0.991831,0.0004984952,2.88871058,0.993132,0.0003920946,2.49628148,0.0020391973,0.975663,6.21829635,0.992153,0.0008189784,3.97141554,0.984233,0.0014504168,5.23793032,0.982987,0.0016254068,5.34638620,0.971840,0.0021174841,6.41222371,0.971059,0.0023863945,6.77542078,0.970695,0.0022626662,6.64805388,done
random,156,5148,total,0.0000588739,0.989336,1.27215361%,0.0000625623,0.988792,1.32598382,0.0000272793,0.989347,0.80588722,0.996602,0.0000156303,0.72372541,0.991505,0.0000450983,1.06388312,0.992491,0.0000380143,1.00633208,0.986500,0.0000808232,1.54788092,0.987915,0.0000664598,1.42187165,0.987933,0.0000693982,1.41119703,0.998117,0.0000043832,0.35168969,0.992422,0.0000187748,0.63662949,0.992716,0.0000178264,0.63605498,0.988306,0.0000307587,0.87974465,0.988100,0.0000304242,0.89267556,0.987789,0.0000318611,0.87644413,0.0000637714,0.988805,1.32357597,0.995274,0.0000227864,0.83181789,0.990776,0.0000503824,1.11382795,0.992272,0.0000395859,1.04119200,0.986525,0.0000822782,1.52651206,0.988776,0.0000637380,1.37641375,0.987893,0.0000704862,1.40084811,done
random,169,5577,epithermal_only,0.0001356493,0.986479,1.84094168%,0.0001447489,0.985732,1.91423383,0.0000464019,0.989180,1.07271738,0.996111,0.0000333828,1.00925869,0.989796,0.0000972751,1.49329171,0.989696,0.0000979888,1.50498022,0.983911,0.0001684796,2.14070077,0.983999,0.0001657736,2.10914699,0.984343,0.0001630629,2.05569029,0.997279,0.0000107129,0.52442584,0.992129,0.0000323926,0.88442899,0.992204,0.0000327084,0.89722737,0.987900,0.0000521806,1.17560824,0.987275,0.0000553864,1.18444031,0.988247,0.0000512287,1.13236092,0.0001420753,0.986094,1.85805356,0.996401,0.0000326178,1.00511555,0.989910,0.0000986684,1.47838022,0.990304,0.0000923848,1.45824230,0.984124,0.0001672671,2.06639532,0.984809,0.0001597604,2.04267849,0.984482,0.0001608209,1.99271117,done
random,169,5577,fast_only,0.0004318139,0.968710,2.84310867%,0.0004709187,0.966903,3.01646972,0.0000784611,0.983448,1.25194739,0.996437,0.0000405556,1.12849397,0.977952,0.0002925573,2.19237329,0.977474,0.0002954937,2.21181497,0.962674,0.0005496771,3.39711088,0.961683,0.0005542757,3.40710181,0.962751,0.0005436535,3.33108146,0.992709,0.0000238741,0.74690756,0.988047,0.0000529613,1.03979465,0.986679,0.0000583219,1.08592588,0.981346,0.0000901252,1.34322766,0.981667,0.0000874484,1.32322977,0.981735,0.0000878972,1.33881079,0.0004205217,0.969672,2.86342965,0.995454,0.0000561679,1.24965793,0.980224,0.0002656076,2.17467728,0.979816,0.0002578152,2.12846658,0.964660,0.0005048442,3.22334387,0.965674,0.0004883814,3.20873471,0.965620,0.0004807672,3.12031664,done
random,169,5577,keff,0.0000005345,0.864941,0.05117621%,0.0000005302,0.861324,0.05113185,0.0000006160,0.890855,0.05295820,0.866253,0.0000003477,0.04176478,0.861975,0.0000004355,0.04591969,0.865445,0.0000004346,0.04605853,0.819162,0.0000006497,0.05715765,0.816614,0.0000006847,0.05944301,0.871477,0.0000004720,0.04817245,0.733533,0.0000011797,0.08025098,0.856020,0.0000006822,0.05043749,0.873316,0.0000005711,0.05019192,0.863435,0.0000007501,0.05733473,0.869920,0.0000006055,0.05701058,0.901042,0.0000005000,0.04823166,0.0000005505,0.857297,0.05254802,0.847446,0.0000003873,0.04538418,0.854558,0.0000004300,0.04614815,0.865722,0.0000004170,0.04548175,0.813625,0.0000006800,0.05846703,0.819118,0.0000007068,0.06099795,0.866802,0.0000005060,0.05045122,done
random,169,5577,thermal_only,0.0017548035,0.979454,5.18212824%,0.0018959178,0.978196,5.41933331,0.0004201735,0.992521,2.69692438,0.995398,0.0004377316,2.74711507,0.986688,0.0012330393,4.19061079,0.986785,0.0013062029,4.29572503,0.972786,0.0021072320,5.92671042,0.973574,0.0022528549,6.02379809,0.973669,0.0021508389,5.87020748,0.987717,0.0002412684,2.37026148,0.993301,0.0003141915,2.46340709,0.994859,0.0002931671,2.30017719,0.988088,0.0005634862,3.18870034,0.992494,0.0004545954,2.80248831,0.992439,0.0004238779,2.63556451,0.0017589304,0.979020,5.48558093,0.994765,0.0005394930,3.07545625,0.986809,0.0012157400,4.41662398,0.986591,0.0012813259,4.46454775,0.973578,0.0019821930,5.96551898,0.974856,0.0020761607,6.03323068,0.975016,0.0019309040,5.86995699,done
random,169,5577,total,0.0000590658,0.989299,1.29473672%,0.0000625372,0.988791,1.33994058,0.0000276936,0.989185,0.88537215,0.995876,0.0000188934,0.78140640,0.991317,0.0000460519,1.08509958,0.992203,0.0000394108,1.03385617,0.986758,0.0000792782,1.54587827,0.987910,0.0000664550,1.43335346,0.987987,0.0000690485,1.42378495,0.996042,0.0000092357,0.57677666,0.991976,0.0000198784,0.72422834,0.991900,0.0000198417,0.73485846,0.988295,0.0000307887,0.95003368,0.987372,0.0000322971,0.98327384,0.988264,0.0000306047,0.93369265,0.0000594522,0.989568,1.28464708,0.995971,0.0000196735,0.76493644,0.991895,0.0000442823,1.05614060,0.992996,0.0000359233,0.98662146,0.987103,0.0000788321,1.50329991,0.989536,0.0000594235,1.34581305,0.988663,0.0000660020,1.36370053,done
random,182,6006,epithermal_only,0.0001419357,0.985851,1.91628933%,0.0001510246,0.985109,1.98726163,0.0000428333,0.989824,1.06323135,0.996581,0.0000294833,0.97164657,0.989644,0.0000987327,1.55743495,0.989277,0.0001019816,1.57521739,0.983304,0.0001747804,2.20838407,0.983374,0.0001721841,2.17658426,0.983433,0.0001724738,2.14729733,0.996440,0.0000133101,0.69110859,0.991749,0.0000332763,0.94449857,0.991855,0.0000334294,0.95020363,0.989308,0.0000453373,1.10190539,0.988300,0.0000501706,1.12476422,0.989071,0.0000466932,1.12139161,0.0001428191,0.986028,1.91952809,0.995754,0.0000384888,1.09646188,0.989330,0.0001044671,1.59813341,0.989546,0.0000996815,1.58719994,0.984949,0.0001586496,2.07413607,0.984769,0.0001602505,2.08171885,0.984364,0.0001620743,2.04785156,done
random,182,6006,fast_only,0.0004503254,0.967366,2.92466710%,0.0004898643,0.965570,3.09369649,0.0000831316,0.982313,1.24699170,0.995753,0.0000482931,1.18174633,0.976942,0.0003058940,2.25195763,0.976596,0.0003069602,2.26398070,0.961076,0.0005731598,3.48294890,0.960064,0.0005777166,3.50872216,0.961401,0.0005633793,3.40803819,0.991124,0.0000303695,1.01042387,0.987560,0.0000547632,0.99034400,0.986465,0.0000586904,1.06914232,0.980157,0.0000952277,1.34031919,0.979870,0.0000946946,1.37273943,0.980463,0.0000933021,1.30200043,0.0004253677,0.969306,2.90738359,0.994807,0.0000642639,1.35944850,0.979099,0.0002805390,2.23922265,0.979330,0.0002636090,2.14740408,0.965657,0.0004903257,3.22692623,0.965093,0.0004963690,3.25275653,0.964963,0.0004897751,3.18039294,done
random,182,6006,keff,0.0000005691,0.856185,0.05236677%,0.0000005378,0.859340,0.05143861,0.0000009100,0.838759,0.06127159,0.858170,0.0000003688,0.04261729,0.852147,0.0000004665,0.04702368,0.857157,0.0000004614,0.04697850,0.822561,0.0000006375,0.05651894,0.818314,0.0000006783,0.05935051,0.868992,0.0000004811,0.04863595,0.626010,0.0000016557,0.09015087,0.779638,0.0000010441,0.06437891,0.788601,0.0000009531,0.06162567,0.808740,0.0000010505,0.06344682,0.835440,0.0000007660,0.06083747,0.843558,0.0000007905,0.05684062,0.0000005749,0.850981,0.05327259,0.830625,0.0000004300,0.04636694,0.843935,0.0000004615,0.04756254,0.849502,0.0000004673,0.04765140,0.810453,0.0000006916,0.05864613,0.817070,0.0000007148,0.06046703,0.859855,0.0000005324,0.05134306,done
random,182,6006,thermal_only,0.0016409340,0.980867,5.47177492%,0.0017623675,0.979806,5.68564570,0.0003861374,0.993202,2.97889248,0.993873,0.0005988845,3.50043338,0.987220,0.0011886185,4.59832346,0.987223,0.0012665237,4.77004045,0.975798,0.0018836341,5.98845781,0.975904,0.0020597174,6.26208938,0.975525,0.0020065471,6.09576134,0.986288,0.0002824099,2.84424462,0.993950,0.0002897408,2.65815694,0.994676,0.0003057685,2.72801313,0.992218,0.0003869872,2.92676869,0.992000,0.0004842272,3.42030477,0.992786,0.0004042335,2.98600718,0.0018185464,0.978240,6.15316074,0.991487,0.0008873240,4.59159772,0.984748,0.0013959919,5.27287070,0.984002,0.0015160717,5.42741349,0.974922,0.0018802386,6.25622590,0.974963,0.0020617739,6.66220403,0.974248,0.0019856211,6.51301200,done
random,182,6006,total,0.0000574837,0.989590,1.27786499%,0.0000611526,0.989044,1.32596362,0.0000249468,0.990253,0.84769534,0.996227,0.0000174466,0.74813557,0.991802,0.0000435229,1.06718845,0.992613,0.0000374352,1.01881542,0.986833,0.0000788267,1.53963936,0.988087,0.0000655409,1.42682423,0.988249,0.0000675459,1.40548890,0.995313,0.0000109126,0.59706008,0.992798,0.0000178499,0.70982228,0.992382,0.0000186654,0.73655139,0.989102,0.0000286378,0.93168212,0.988836,0.0000285378,0.91080368,0.989661,0.0000269347,0.87803971,0.0000603566,0.989413,1.30208223,0.995815,0.0000202486,0.79018892,0.991576,0.0000460585,1.08823207,0.992489,0.0000385647,1.02453604,0.987609,0.0000757674,1.48982553,0.989212,0.0000612961,1.36766775,0.988396,0.0000675649,1.38201518,done
random,195,6435,epithermal_only,0.0001481441,0.985231,1.95741746%,0.0001590241,0.984313,2.03961839,0.0000439011,0.989537,1.13660218,0.996204,0.0000326337,1.01790465,0.988810,0.0001066095,1.61317238,0.988619,0.0001081783,1.62758307,0.982378,0.0001843913,2.25556432,0.982632,0.0001798164,2.21504648,0.982617,0.0001808970,2.20856796,0.997635,0.0000086003,0.55322776,0.991855,0.0000326154,0.99002659,0.991924,0.0000328806,0.98082035,0.988777,0.0000474456,1.20072747,0.988417,0.0000495955,1.19615280,0.988356,0.0000496588,1.22416455,0.0001475608,0.985556,1.97390912,0.995677,0.0000388588,1.10410559,0.988952,0.0001080839,1.64593733,0.989593,0.0000992065,1.59106227,0.984044,0.0001680371,2.14894811,0.984386,0.0001642207,2.14096315,0.983850,0.0001673582,2.11252501,done
random,195,6435,fast_only,0.0004467732,0.967638,2.87035273%,0.0004865551,0.965812,3.03635941,0.0000743441,0.984471,1.19838902,0.996651,0.0000381394,1.06865692,0.977427,0.0002995968,2.19463668,0.976925,0.0003027411,2.20972426,0.961417,0.0005683375,3.43617412,0.960353,0.0005736333,3.44112299,0.961430,0.0005630836,3.35416476,0.996427,0.0000122174,0.65032672,0.990033,0.0000455201,0.91166730,0.988723,0.0000504575,0.97005101,0.982065,0.0000875352,1.36638860,0.981713,0.0000869747,1.34458308,0.982625,0.0000841805,1.25865063,0.0004193039,0.969769,2.88047549,0.995822,0.0000515622,1.25527799,0.979935,0.0002694780,2.18855126,0.980352,0.0002508598,2.11889677,0.965832,0.0004884547,3.22876898,0.965525,0.0004905924,3.23204490,0.965263,0.0004859205,3.15092511,done
random,195,6435,keff,0.0000004695,0.881352,0.04856180%,0.0000004715,0.876689,0.04877690,0.0000004792,0.915084,0.04795865,0.899024,0.0000002625,0.03670003,0.878341,0.0000003838,0.04374758,0.881275,0.0000003835,0.04317063,0.858307,0.0000005091,0.05143308,0.840474,0.0000005956,0.05561082,0.872933,0.0000004666,0.04858345,0.848896,0.0000006689,0.06190891,0.903382,0.0000004578,0.04620227,0.902634,0.0000004390,0.04763851,0.896129,0.0000005705,0.04898234,0.908810,0.0000004245,0.04763354,0.907830,0.0000004657,0.04713900,0.0000004916,0.872560,0.05002468,0.862162,0.0000003499,0.04288152,0.871374,0.0000003803,0.04478312,0.880610,0.0000003707,0.04339294,0.849655,0.0000005485,0.05280379,0.844181,0.0000006089,0.05605682,0.869999,0.0000004938,0.05017403,done
random,195,6435,thermal_only,0.0017118140,0.980055,5.46579011%,0.0018171303,0.979196,5.64194252,0.0003581752,0.993759,2.61354764,0.994718,0.0005186893,3.15820154,0.987132,0.0011997739,4.47785215,0.986890,0.0013020694,4.58614362,0.974913,0.0019532550,6.04499509,0.974367,0.0021925580,6.22504362,0.975042,0.0020470300,6.09580718,0.988608,0.0002375674,2.35777148,0.994533,0.0002669783,2.37429157,0.995551,0.0002614363,2.26389519,0.992004,0.0003930568,2.73050374,0.993273,0.0004163750,2.80185551,0.993187,0.0003843305,2.67853317,0.0017587499,0.978949,5.90977055,0.992432,0.0007840440,3.82418717,0.985534,0.0013228630,4.95541700,0.984740,0.0014399944,5.04364963,0.975595,0.0018301837,6.13628360,0.975267,0.0020366253,6.38880594,0.975143,0.0019171363,6.33819338,done
random,195,6435,total,0.0000628885,0.988595,1.32477471%,0.0000660696,0.988141,1.36362472,0.0000295745,0.988448,0.89276702,0.996121,0.0000177910,0.74958324,0.990826,0.0000486035,1.11299866,0.991781,0.0000415189,1.06014718,0.985784,0.0000849535,1.58240849,0.987437,0.0000689709,1.44098382,0.987247,0.0000732057,1.45142461,0.997481,0.0000058654,0.44906998,0.991617,0.0000207747,0.73863822,0.991136,0.0000217284,0.78328179,0.987285,0.0000334355,0.95511201,0.987268,0.0000325560,0.94688883,0.987080,0.0000336776,0.95937971,0.0000609830,0.989278,1.30998062,0.995348,0.0000225455,0.84174485,0.991402,0.0000469981,1.10219479,0.992792,0.0000369324,1.01329296,0.986917,0.0000796797,1.52401270,0.989340,0.0000604133,1.35876698,0.988338,0.0000678115,1.38587767,done
random,208,6864,epithermal_only,0.0001457813,0.985467,1.87815400%,0.0001442862,0.985766,1.88630069,0.0000386323,0.990886,1.01383919,0.996828,0.0000273248,0.93556575,0.990200,0.0000933832,1.45142016,0.990089,0.0000942046,1.46446112,0.983857,0.0001689198,2.11121962,0.983899,0.0001666669,2.08535673,0.984221,0.0001641875,2.03911447,0.997705,0.0000085811,0.51297029,0.993193,0.0000275628,0.85357911,0.993464,0.0000270204,0.84417911,0.989963,0.0000428185,1.09432094,0.989402,0.0000457989,1.09827282,0.990008,0.0000430205,1.08309396,0.0001368640,0.986603,1.83368583,0.996282,0.0000334144,1.02411085,0.990270,0.0000952304,1.46095505,0.990422,0.0000912290,1.46203278,0.985283,0.0001550311,2.01297005,0.985229,0.0001553466,2.02067849,0.984920,0.0001562779,1.96636258,done
random,208,6864,fast_only,0.0004436295,0.967841,2.89119909%,0.0004752936,0.966590,3.01213687,0.0000805536,0.982637,1.21488398,0.996743,0.0000370376,1.06643526,0.978153,0.0002898172,2.16343783,0.977762,0.0002916442,2.17459930,0.962020,0.0005592405,3.41879538,0.961278,0.0005600610,3.40624407,0.962277,0.0005504998,3.33597470,0.992123,0.0000250937,0.75418236,0.987169,0.0000551761,0.99154170,0.985612,0.0000610153,1.06363041,0.979790,0.0000952658,1.37782354,0.980631,0.0000901848,1.29644837,0.981464,0.0000879755,1.25588908,0.0004169798,0.969922,2.87061054,0.995860,0.0000513744,1.23322278,0.980067,0.0002675529,2.16052223,0.980019,0.0002549837,2.12454587,0.966354,0.0004806971,3.19766010,0.965867,0.0004854748,3.22975824,0.965297,0.0004852490,3.14979555,done
random,208,6864,keff,0.0000004729,0.880504,0.04800013%,0.0000004736,0.876140,0.04844245,0.0000004696,0.916794,0.04354487,0.896978,0.0000002679,0.03705789,0.884918,0.0000003631,0.04160513,0.885380,0.0000003702,0.04202293,0.846340,0.0000005521,0.05291079,0.828891,0.0000006388,0.05790483,0.880136,0.0000004402,0.04684475,0.815153,0.0000008183,0.07115394,0.891903,0.0000005122,0.04815946,0.912229,0.0000003957,0.04265883,0.889098,0.0000006091,0.04490698,0.913315,0.0000004035,0.04331285,0.918027,0.0000004142,0.03943621,0.0000005081,0.868294,0.05024985,0.876690,0.0000003130,0.04059205,0.878804,0.0000003584,0.04200186,0.879614,0.0000003738,0.04269397,0.834616,0.0000006034,0.05529040,0.827065,0.0000006757,0.05922036,0.871642,0.0000004876,0.04931975,done
random,208,6864,thermal_only,0.0017784415,0.979354,5.25811538%,0.0018691843,0.978667,5.37288442,0.0004194319,0.992741,2.65839423,0.995908,0.0004037217,2.68572097,0.987153,0.0012051666,4.16239452,0.986934,0.0013044343,4.26482930,0.973758,0.0020492098,5.84167521,0.973850,0.0022414295,5.99512564,0.974166,0.0021247599,5.82414703,0.994632,0.0001238168,1.88232397,0.994315,0.0002822321,2.33848126,0.995167,0.0002881341,2.26363233,0.990401,0.0004783874,2.92723954,0.991630,0.0005142005,2.94305225,0.991944,0.0004567036,2.68454003,0.0018091507,0.978455,5.60029471,0.993585,0.0006679782,3.16008169,0.986734,0.0012279482,4.54082335,0.984974,0.0014367642,4.57099992,0.974772,0.0019038928,5.91075863,0.973751,0.0021666450,6.22913869,0.974193,0.0019963070,6.03091834,done
random,208,6864,total,0.0000563607,0.989778,1.26114262%,0.0000595685,0.989308,1.30260419,0.0000250513,0.990231,0.83786474,0.996691,0.0000152325,0.71289566,0.991872,0.0000430741,1.04917763,0.992790,0.0000364306,1.00147547,0.987068,0.0000772811,1.51427820,0.988551,0.0000628198,1.39213725,0.988506,0.0000659920,1.38599478,0.996887,0.0000072654,0.48857520,0.992303,0.0000190893,0.72668043,0.992645,0.0000180418,0.70239103,0.989166,0.0000285550,0.90597326,0.989197,0.0000276727,0.87966082,0.989355,0.0000277946,0.89423924,0.0000582485,0.989768,1.27814622,0.996398,0.0000174021,0.75640618,0.992160,0.0000428454,1.05026570,0.993032,0.0000356120,0.99906577,0.987641,0.0000754481,1.48026924,0.989556,0.0000592244,1.34528042,0.988786,0.0000652556,1.35612644,done
random,221,7293,epithermal_only,0.0001388583,0.986159,1.86020262%,0.0001410884,0.986087,1.88368842,0.0000419051,0.990162,1.05527984,0.996671,0.0000286596,0.89676880,0.989992,0.0000953613,1.45989219,0.989966,0.0000953905,1.47077968,0.984283,0.0001645374,2.10522361,0.984432,0.0001612411,2.07483079,0.984713,0.0001591315,2.03849461,0.997604,0.0000089609,0.57560672,0.993258,0.0000274456,0.84735250,0.992998,0.0000290178,0.83835977,0.988837,0.0000479116,1.16020491,0.988687,0.0000491870,1.13753065,0.989101,0.0000471219,1.14328047,0.0001408010,0.986217,1.86131177,0.996112,0.0000350327,1.05259615,0.989741,0.0001003261,1.52256464,0.990413,0.0000913507,1.47463090,0.984823,0.0001599266,2.02303202,0.984873,0.0001590081,2.03099001,0.984469,0.0001609527,2.00503726,done
random,221,7293,fast_only,0.0004182626,0.969705,2.77579840%,0.0004556079,0.967987,2.93515911,0.0000737314,0.984759,1.20845471,0.996929,0.0000349710,1.05549689,0.978671,0.0002831266,2.10577384,0.978149,0.0002867293,2.13444720,0.963971,0.0005307468,3.32763208,0.962826,0.0005378408,3.34171023,0.963986,0.0005257618,3.23565132,0.992914,0.0000255270,0.93622462,0.989246,0.0000489844,1.02685770,0.987682,0.0000552199,1.09926589,0.982954,0.0000844365,1.27817473,0.982793,0.0000832280,1.28121214,0.983255,0.0000820671,1.25683042,0.0004160258,0.970003,2.78871566,0.996305,0.0000456645,1.19170491,0.980308,0.0002644992,2.09054907,0.980042,0.0002548715,2.06143013,0.965587,0.0004916042,3.13404812,0.965865,0.0004858069,3.14912978,0.965792,0.0004785384,3.04451653,done
random,221,7293,keff,0.0000004804,0.878614,0.04815488%,0.0000004696,0.877177,0.04821580,0.0000006473,0.885301,0.05046813,0.889315,0.0000002878,0.03956129,0.883081,0.0000003689,0.04196090,0.884733,0.0000003723,0.04245043,0.844532,0.0000005586,0.05326129,0.835160,0.0000006154,0.05670826,0.881971,0.0000004334,0.04617479,0.792573,0.0000009183,0.06644713,0.876341,0.0000005859,0.04375300,0.876456,0.0000005570,0.04434746,0.854140,0.0000008012,0.05485226,0.859395,0.0000006545,0.05670668,0.882285,0.0000005948,0.04810382,0.0000005029,0.869648,0.05015928,0.874810,0.0000003178,0.04145156,0.876301,0.0000003658,0.04238070,0.879994,0.0000003727,0.04306276,0.831175,0.0000006160,0.05609175,0.830449,0.0000006625,0.05894528,0.875986,0.0000004711,0.04848646,done
random,221,7293,thermal_only,0.0016111304,0.981245,5.11850287%,0.0017328456,0.980174,5.34208028,0.0003616404,0.993657,2.46244248,0.995380,0.0004463228,2.93887351,0.987805,0.0011385363,4.17540479,0.987851,0.0012084969,4.28916010,0.975583,0.0019012778,5.80622179,0.975949,0.0020585783,5.93236250,0.976049,0.0019658594,5.75500088,0.990832,0.0001914369,2.20191815,0.994847,0.0002510770,2.13316953,0.995730,0.0002490378,2.17067122,0.991364,0.0004228294,2.75540789,0.993446,0.0004034801,2.58631170,0.992855,0.0003986982,2.48275027,0.0017317840,0.979335,5.62359473,0.994372,0.0005810318,3.36938630,0.986406,0.0012496920,4.67292935,0.985990,0.0013316099,4.78467379,0.975117,0.0018681000,5.92642809,0.975452,0.0020260271,6.13379017,0.975341,0.0019068058,6.00207979,done
random,221,7293,total,0.0000563762,0.989784,1.25782555%,0.0000596957,0.989299,1.30276793,0.0000260593,0.989856,0.82559934,0.996838,0.0000145622,0.67250415,0.991953,0.0000426630,1.04824534,0.992931,0.0000357291,0.98637149,0.986965,0.0000780283,1.53420874,0.988607,0.0000626177,1.37620624,0.988430,0.0000664960,1.39315670,0.997225,0.0000064419,0.44329072,0.992904,0.0000176473,0.65507344,0.992619,0.0000181129,0.65956226,0.988271,0.0000309936,0.91427010,0.988379,0.0000297869,0.92046241,0.988986,0.0000288159,0.87787913,0.0000589371,0.989650,1.28439237,0.995842,0.0000201819,0.79509466,0.991786,0.0000448350,1.08417151,0.992926,0.0000362701,0.99437253,0.987525,0.0000762185,1.48482171,0.989600,0.0000589388,1.32997277,0.988693,0.0000657922,1.36571045,done
random,234,7722,epithermal_only,0.0001456092,0.985486,1.90695931%,0.0001563789,0.984592,1.98638554,0.0000484260,0.988458,1.18182304,0.996745,0.0000280794,0.93505818,0.989193,0.0001031328,1.52885387,0.988963,0.0001050438,1.54088781,0.982682,0.0001814210,2.21236666,0.982810,0.0001781479,2.18706701,0.982863,0.0001785253,2.16167466,0.994159,0.0000218457,0.83935763,0.990635,0.0000375854,1.05915623,0.990615,0.0000383038,1.06005085,0.987893,0.0000511290,1.22100958,0.987356,0.0000540933,1.22437902,0.987464,0.0000534434,1.25097024,0.0001425641,0.986050,1.90532998,0.996125,0.0000350828,1.02964522,0.989037,0.0001073271,1.59176998,0.990136,0.0000940186,1.51429086,0.984701,0.0001611945,2.07447390,0.984651,0.0001614165,2.08151675,0.984494,0.0001607365,2.04074558,done
random,234,7722,fast_only,0.0004510354,0.967310,2.88033315%,0.0004913312,0.965464,3.05154584,0.0000740947,0.984375,1.18477028,0.996763,0.0000368515,1.11099962,0.977151,0.0003031736,2.19675267,0.976548,0.0003076134,2.22231564,0.961158,0.0005719528,3.43553598,0.959808,0.0005812631,3.48264375,0.961086,0.0005678862,3.36705514,0.995110,0.0000170815,0.79079209,0.988989,0.0000491990,1.00652831,0.987907,0.0000532810,1.04571394,0.982713,0.0000838507,1.25676126,0.981969,0.0000850717,1.27855435,0.982587,0.0000837158,1.24048036,0.0004195537,0.969736,2.85010843,0.995694,0.0000532564,1.26081925,0.979356,0.0002771502,2.18133619,0.979783,0.0002579277,2.09398468,0.965612,0.0004912028,3.18117223,0.965016,0.0004977095,3.24112333,0.965912,0.0004766201,3.09691227,done
random,234,7722,keff,0.0000004019,0.898437,0.04448759%,0.0000004007,0.895203,0.04464085,0.0000004554,0.919298,0.04534729,0.911179,0.0000002309,0.03456095,0.903698,0.0000003038,0.03802285,0.906300,0.0000003026,0.03840812,0.874057,0.0000004525,0.04829164,0.862561,0.0000005131,0.05130404,0.891697,0.0000003977,0.04460744,0.736933,0.0000011646,0.08335303,0.884988,0.0000005449,0.05066672,0.876824,0.0000005553,0.05473904,0.911249,0.0000004875,0.04461948,0.931688,0.0000003180,0.03814620,0.923618,0.0000003859,0.04124088,0.0000004457,0.884468,0.04710786,0.901337,0.0000002505,0.03580131,0.892459,0.0000003180,0.03934765,0.900060,0.0000003103,0.03904689,0.857500,0.0000005199,0.05179002,0.853143,0.0000005738,0.05394521,0.881923,0.0000004485,0.04756716,done
random,234,7722,thermal_only,0.0016346208,0.980968,5.07759868%,0.0017637592,0.979814,5.31261242,0.0003116092,0.994623,2.30627039,0.996222,0.0003658393,2.78777513,0.987965,0.0011235715,4.11772684,0.987826,0.0012113421,4.25253585,0.975405,0.0019151954,5.76825258,0.975154,0.0021253673,5.92287497,0.975360,0.0020212654,5.74171821,0.987550,0.0002448539,2.35227968,0.994932,0.0002449448,2.10660023,0.996140,0.0002259312,2.04519676,0.993362,0.0003374305,2.46270190,0.993660,0.0003881517,2.59526575,0.994502,0.0003167712,2.23330412,0.0016463843,0.980340,5.46543886,0.994094,0.0006092186,3.42548535,0.987262,0.0011698209,4.47515366,0.986272,0.0013049503,4.62990683,0.976440,0.0017712337,5.80401423,0.976348,0.0019504011,5.99130130,0.976802,0.0017913328,5.81238286,done
random,234,7722,total,0.0000621561,0.988763,1.30322828%,0.0000662040,0.988165,1.35573507,0.0000264531,0.989682,0.83259125,0.996733,0.0000151385,0.70257136,0.990971,0.0000480098,1.08089561,0.992220,0.0000394756,1.01300937,0.985720,0.0000856661,1.58452687,0.987356,0.0000697170,1.44679115,0.987168,0.0000739462,1.45609650,0.996571,0.0000080140,0.52047221,0.992372,0.0000189417,0.68831607,0.992290,0.0000189403,0.69694174,0.988691,0.0000297460,0.89684128,0.988229,0.0000301371,0.91947649,0.988695,0.0000295092,0.87634176,0.0000594537,0.989571,1.28445170,0.996446,0.0000172386,0.73263777,0.991599,0.0000459368,1.07205796,0.993117,0.0000352910,0.98683139,0.987592,0.0000757745,1.47028592,0.989114,0.0000618081,1.36593892,0.988643,0.0000662055,1.36693193,done
random,247,8151,epithermal_only,0.0001450113,0.985544,1.83898781%,0.0001520126,0.985005,1.89103532,0.0000404859,0.990409,0.99294037,0.997243,0.0000237025,0.88134785,0.990004,0.0000952489,1.42608992,0.989696,0.0000979499,1.45469071,0.982853,0.0001794474,2.13009957,0.983039,0.0001755997,2.10338005,0.983267,0.0001741363,2.04990146,0.997565,0.0000090514,0.54523591,0.993083,0.0000278683,0.80723706,0.993335,0.0000274046,0.80845839,0.989381,0.0000451380,1.05659260,0.988982,0.0000473910,1.07937208,0.989304,0.0000458931,1.07860221,0.0001401164,0.986290,1.82512296,0.996369,0.0000328215,1.00050408,0.989944,0.0000984376,1.47402940,0.990489,0.0000906709,1.44243979,0.984737,0.0001608435,2.00408413,0.984399,0.0001640784,2.02291020,0.984842,0.0001571174,1.95028603,done
random,247,8151,fast_only,0.0004864956,0.964768,2.89735285%,0.0005308526,0.962706,3.07497326,0.0000735998,0.984737,1.11475982,0.996721,0.0000373524,1.03688639,0.976173,0.0003162993,2.19696063,0.975456,0.0003220867,2.21217879,0.957605,0.0006246028,3.48559276,0.956628,0.0006276569,3.49365994,0.957689,0.0006178067,3.41042977,0.995406,0.0000158176,0.72527292,0.990177,0.0000447928,0.81406819,0.988901,0.0000498333,0.87940126,0.982600,0.0000859550,1.22890411,0.982313,0.0000851172,1.22409469,0.982765,0.0000840031,1.21416088,0.0004397491,0.968277,2.81289589,0.995381,0.0000571036,1.24364999,0.979248,0.0002784905,2.10199559,0.978402,0.0002754893,2.10702930,0.964405,0.0005083858,3.13955962,0.962640,0.0005316043,3.20353961,0.964236,0.0005000015,3.05769986,done
random,247,8151,keff,0.0000004289,0.891623,0.04633789%,0.0000004379,0.885460,0.04684097,0.0000003644,0.935429,0.04284698,0.877912,0.0000003174,0.04122278,0.881861,0.0000003727,0.04227847,0.881551,0.0000003826,0.04312437,0.864096,0.0000004883,0.04973035,0.871685,0.0000004791,0.04958826,0.879508,0.0000004425,0.04725052,0.757781,0.0000010723,0.08170117,0.906479,0.0000004431,0.04699011,0.914035,0.0000003876,0.04474927,0.929369,0.0000003880,0.04362683,0.944736,0.0000002572,0.03707788,0.937999,0.0000003133,0.04008860,0.0000004819,0.875083,0.04917784,0.852960,0.0000003733,0.04524194,0.872554,0.0000003768,0.04323324,0.873912,0.0000003915,0.04359324,0.844200,0.0000005684,0.05345951,0.866699,0.0000005209,0.05175689,0.870117,0.0000004934,0.04991961,done
random,247,8151,thermal_only,0.0017888120,0.979267,5.04733880%,0.0019341511,0.977953,5.27385406,0.0003541909,0.993758,2.49981293,0.996793,0.0003128957,2.65108219,0.987081,0.0012143619,4.07003412,0.987281,0.0012714725,4.16803832,0.972420,0.0021568600,5.71221346,0.973203,0.0022982718,5.87627528,0.972837,0.0022366635,5.74190664,0.988971,0.0002145720,2.22500904,0.994628,0.0002546948,2.23483874,0.995720,0.0002471336,2.10172509,0.991856,0.0003983507,2.66055596,0.993002,0.0004248146,2.73775955,0.993275,0.0003772852,2.54438911,0.0017703665,0.978921,5.39142978,0.995580,0.0004604592,3.17978838,0.987410,0.0011623503,4.35768837,0.986564,0.0012842631,4.49224515,0.973866,0.0019644844,5.71331836,0.973951,0.0021530529,6.00208623,0.974738,0.0019561900,5.75437765,done
random,247,8151,total,0.0000599341,0.989145,1.26999489%,0.0000620363,0.988884,1.30008856,0.0000259428,0.989865,0.78852604,0.996969,0.0000139029,0.67119863,0.991576,0.0000446932,1.03994180,0.992759,0.0000366513,0.97211412,0.986469,0.0000810057,1.52574749,0.988122,0.0000653342,1.39742403,0.987972,0.0000691564,1.38703926,0.997601,0.0000055847,0.44421263,0.993223,0.0000167937,0.62822212,0.993079,0.0000169502,0.66458706,0.988435,0.0000304101,0.85634058,0.988665,0.0000289639,0.84755219,0.988517,0.0000299424,0.84854610,0.0000578711,0.989854,1.24168488,0.996842,0.0000152723,0.69053404,0.991868,0.0000445236,1.02704234,0.993522,0.0000332528,0.94519261,0.987563,0.0000760428,1.44255287,0.989524,0.0000594993,1.31598020,0.988987,0.0000641879,1.32056230,done
random,256,8448,epithermal_only,0.0001335041,0.986691,1.83919234%,0.0001431267,0.985886,1.91572456,0.0000442613,0.989533,1.09700984,0.996866,0.0000269951,0.94588469,0.990231,0.0000931176,1.48639946,0.989858,0.0000964338,1.50660338,0.983994,0.0001675584,2.14134603,0.984007,0.0001656245,2.12083956,0.984477,0.0001615736,2.06065842,0.995857,0.0000155467,0.75192100,0.992334,0.0000309938,0.91815380,0.992276,0.0000318559,0.92078509,0.988749,0.0000478089,1.17678271,0.987692,0.0000529120,1.20530332,0.988591,0.0000491125,1.15009432,0.0001378081,0.986513,1.87499007,0.995975,0.0000363826,1.07264233,0.990061,0.0000972306,1.51158747,0.990450,0.0000910542,1.50016381,0.985068,0.0001573410,2.07037580,0.985166,0.0001560240,2.05549914,0.984896,0.0001565243,2.00020193,done
random,256,8448,fast_only,0.0004198284,0.969581,2.78905977%,0.0004578134,0.967824,2.96304650,0.0000748938,0.984180,1.16499649,0.996720,0.0000373348,1.05722373,0.978533,0.0002848443,2.16007390,0.978022,0.0002882890,2.18117815,0.963833,0.0005326494,3.33148350,0.962765,0.0005386212,3.34693814,0.963742,0.0005291958,3.27398106,0.996669,0.0000110013,0.51872845,0.989335,0.0000476212,0.89100574,0.988458,0.0000508674,0.91784990,0.981940,0.0000871033,1.29762004,0.981727,0.0000864238,1.31070979,0.982171,0.0000854480,1.25339618,0.0004153953,0.970038,2.82590292,0.995611,0.0000543280,1.22664468,0.979954,0.0002691604,2.13331487,0.979899,0.0002565434,2.07376121,0.965753,0.0004892002,3.18144066,0.966486,0.0004767081,3.15566267,0.965698,0.0004797204,3.09854212,done
random,256,8448,keff,0.0000004074,0.897049,0.04411565%,0.0000003980,0.895905,0.04384980,0.0000004981,0.911739,0.04668077,0.893540,0.0000002768,0.03789259,0.903247,0.0000003053,0.03777336,0.899442,0.0000003248,0.03899685,0.879677,0.0000004323,0.04615661,0.863563,0.0000005094,0.05058095,0.893628,0.0000003906,0.04347038,0.727306,0.0000012072,0.08283399,0.862725,0.0000006504,0.05567302,0.876399,0.0000005572,0.05351744,0.892264,0.0000005918,0.05038903,0.930182,0.0000003250,0.03903744,0.919202,0.0000004083,0.04035924,0.0000004388,0.886253,0.04631230,0.878032,0.0000003096,0.04082864,0.889755,0.0000003260,0.03957429,0.893757,0.0000003299,0.04063645,0.863985,0.0000004963,0.04948361,0.856533,0.0000005606,0.05264396,0.885773,0.0000004339,0.04615724,done
random,256,8448,thermal_only,0.0015920820,0.981471,5.18897826%,0.0017120839,0.980409,5.41941878,0.0004010510,0.993160,2.60530334,0.995548,0.0004331720,3.08291843,0.988008,0.0011192951,4.31460506,0.987937,0.0011992868,4.36475406,0.976154,0.0018572966,5.85077153,0.976086,0.0020463434,6.01802568,0.976268,0.0019474524,5.81897345,0.986619,0.0002917582,2.69686110,0.993713,0.0003133208,2.47413565,0.995070,0.0002965402,2.33922823,0.991102,0.0004479423,2.76906527,0.992627,0.0004626398,2.82567823,0.992742,0.0004199990,2.53801938,0.0016891379,0.979808,5.68183814,0.993849,0.0006359890,3.58514896,0.986450,0.0012429495,4.74821978,0.985416,0.0013829813,4.86331165,0.976083,0.0017931531,5.98842540,0.976293,0.0019550213,6.19090462,0.976114,0.0018430222,6.03336031,done
random,256,8448,total,0.0000559384,0.989871,1.23763609%,0.0000589639,0.989439,1.27596732,0.0000296691,0.988440,0.89456870,0.997069,0.0000134856,0.65758428,0.991914,0.0000428929,1.03209216,0.992978,0.0000355210,0.96250679,0.987179,0.0000767912,1.49585042,0.988622,0.0000626422,1.36728511,0.988669,0.0000651722,1.35767736,0.995436,0.0000106442,0.61338674,0.991489,0.0000211245,0.73917463,0.991642,0.0000205222,0.74058832,0.987012,0.0000342193,0.97836170,0.987193,0.0000328388,0.96908389,0.987265,0.0000332917,0.94197126,0.0000563907,0.990097,1.24546149,0.996475,0.0000171135,0.72663421,0.991874,0.0000444172,1.04078243,0.993519,0.0000333026,0.95604544,0.988179,0.0000722025,1.44286939,0.989920,0.0000571569,1.31102064,0.989155,0.0000630728,1.32205463,done
